0.10	1039	PUNCT	_
0.23	2309	NOUN	_
0.03	344	CCONJ	_
0.03	270	PART	_
0.09	903	VERB	_
0.04	380	ADV	_
0.17	1749	DET	_
0.02	161	X	_
0.09	918	ADP	_
0.09	864	ADJ	_
0.04	435	PRON	_
0.01	106	SCONJ	_
0.01	94	AUX	_
0.02	205	NUM	_
0.04	360	PROPN	_
0.00	2	SYM	_
1.00	30	PUNCT	(
1.00	1	NOUN	ΡΤ
1.00	30	PUNCT	)
1.00	4	NOUN	Κύριε
1.00	7	NOUN	Πρόεδρε
1.00	492	PUNCT	,
1.00	3	NOUN	κυρίες
1.00	270	CCONJ	και
1.00	3	NOUN	κύριοι
1.00	4	NOUN	βουλευτές
1.00	53	PART	θα
1.00	4	VERB	ήθελα
1.00	2	ADV	καταρχάς
1.00	167	PART	να
1.00	2	VERB	συγχαρώ
0.98	60	DET	τον
0.02	1	PRON	τον
1.00	1	NOUN	εισηγητή
1.00	9	NOUN	κ.
1.00	3	X	Oostlander
1.00	115	ADP	για
0.97	220	DET	την
0.03	6	PRON	την
1.00	1	ADJ	εξαίρετη
1.00	2	NOUN	εργασία
0.93	120	PRON	που
0.05	7	ADV	που
0.02	2	SCONJ	που
1.00	1	VERB	παρουσιάζει
1.00	2	VERB	υπενθυμίσω
1.00	59	SCONJ	ότι
1.00	21	PRON	αυτή
1.00	159	DET	η
1.00	3	NOUN	απόφαση
1.00	8	NOUN	πλαίσιο
1.00	2	VERB	υποβάλλει
1.00	11	NOUN	Επιτροπή
1.00	1	VERB	εντάσσεται
1.00	78	ADP	σε
1.00	24	DET	μια
1.00	1	ADJ	συνολική
0.83	5	NOUN	στρατηγική
0.17	1	ADJ	στρατηγική
1.00	1	NOUN	καταπολέμησης
1.00	153	DET	των
0.96	22	NOUN	ναρκωτικών
0.04	1	ADJ	ναρκωτικών
1.00	20	PRON	οποία
1.00	1	VERB	βασίζεται
1.00	86	ADP	στην
1.00	1	ADJ	ισόρροπη
1.00	4	NOUN	προσέγγιση
1.00	3	NOUN	μέτρων
0.99	83	DET	τη
0.01	1	PRON	τη
1.00	2	NOUN	μείωση
0.95	204	DET	της
0.05	11	PRON	της
1.00	1	NOUN	ζήτησης
1.00	1	NOUN	προσφοράς
0.50	4	ADV	καθώς
0.50	4	SCONJ	καθώς
1.00	1	NOUN	δράσεων
1.00	35	ADP	κατά
1.00	4	ADJ	παράνομης
1.00	10	NOUN	διακίνησης
1.00	366	PUNCT	.
1.00	65	DET	Η
1.00	10	NOUN	πρόταση
1.00	29	PART	δεν
0.96	66	AUX	είναι
0.04	3	VERB	είναι
1.00	1	ADJ	ΟΛΗ
1.00	4	ADJ	ευρωπαϊκή
0.73	8	NOUN	πολιτική
0.27	3	ADJ	πολιτική
0.97	72	DET	τα
0.03	2	PRON	τα
0.50	1	ADJ	ναρκωτικά
0.50	1	NOUN	ναρκωτικά
1.00	17	PUNCT	:
1.00	11	VERB	αφορά
0.83	5	ADV	μόνο
0.17	1	ADJ	μόνο
0.11	1	NUM	μία
0.89	8	DET	μία
1.00	1	ADJ	ειδική
1.00	1	NOUN	συνιστώσα
1.00	1	VERB	σχετίζεται
1.00	114	ADP	με
1.00	3	NOUN	καταπολέμηση
1.00	3	CCONJ	Αλλά
0.84	189	DET	του
0.16	35	PRON	του
1.00	2	NOUN	θέματος
1.00	10	ADJ	Ευρωπαϊκή
1.00	12	NOUN	Ένωση
1.00	1	VERB	συμπεριλαμβάνεται
1.00	61	ADP	στο
0.80	4	NOUN	πρόγραμμα
0.20	1	ADJ	πρόγραμμα
1.00	3	NOUN	δράσης
0.99	160	DET	το
0.01	1	PRON	το
1.00	1	NOUN	2000-2004
1.00	1	ADJ	ενδιάμεση
1.00	1	NOUN	αξιολόγηση
1.00	1	PRON	οποίου
1.00	2	VERB	γίνει
1.00	27	ADP	στη
1.00	8	NOUN	διάρκεια
1.00	2	ADJ	τρέχοντος
1.00	3	NOUN	έτους
1.00	10	ADP	Στο
1.00	1	X	Λάκεν
1.00	61	DET	οι
1.00	2	NOUN	ηγέτες
0.83	5	NOUN	κρατών
0.17	1	ADJ	κρατών
1.00	1	NOUN	κυβερνήσεων
1.00	1	VERB	ζήτησαν
1.00	9	ADP	μέχρι
1.00	8	NOUN	τέλος
0.50	2	PROPN	Μαΐου
0.50	2	NOUN	Μαΐου
1.00	6	PRON	αυτού
1.00	1	VERB	εγκρίνουμε
1.00	2	NOUN	εναρμόνιση
1.00	5	ADJ	ποινικών
1.00	5	NOUN	κυρώσεων
1.00	2	ADJ	ευρωπαϊκό
1.00	6	NOUN	επίπεδο
1.00	5	ADV	σχετικά
1.00	15	NOUN	διακίνηση
1.00	1	PRON	Αυτός
1.00	75	DET	ο
1.00	1	ADJ	αποκλειστικός
1.00	5	NOUN	στόχος
1.00	1	NOUN	πρότασης
1.00	5	PRON	αυτής
1.00	1	VERB	πιστεύει
1.00	20	ADP	στον
1.00	8	NOUN	αγώνα
1.00	4	VERB	χρειάζεται
1.00	1	ADJ	στενός
1.00	1	NOUN	συντονισμός
0.89	16	ADP	μεταξύ
0.11	2	ADV	μεταξύ
1.00	3	ADJ	διαφόρων
1.00	1	ADJ	δικαστικών
0.50	1	ADJ	αστυνομικών
0.50	1	NOUN	αστυνομικών
1.00	1	ADJ	τελωνειακών
1.00	2	NOUN	αρχών
1.00	7	NOUN	μελών
1.00	8	SCONJ	ώστε
1.00	1	VERB	ανταποκριθούμε
1.00	2	NOUN	πρόκληση
1.00	2	ADJ	διεθνές
1.00	1	DET	Μια
1.00	1	ADJ	παρόμοια
1.00	4	NOUN	συνεργασία
1.00	3	VERB	καταστεί
1.00	1	ADJ	αποτελεσματική
1.00	18	VERB	πρέπει
1.00	1	VERB	στηριχθεί
1.00	2	ADJ	κοινή
1.00	5	NOUN	Ένωσης
1.00	6	ADV	κυρίως
1.00	5	ADV	όσον
1.00	2	NOUN	ορισμών
1.00	1	NOUN	εγκλημάτων
1.00	1	VERB	εφαρμόζονται
1.00	1	ADJ	παράνομη
1.00	7	PRON	οποίες
1.00	2	ADJ	αποτελεσματικές
1.00	2	ADJ	ανάλογες
1.00	2	ADJ	αποτρεπτικές
1.00	1	VERB	Εκφράζουμε
1.00	1	NOUN	ικανοποίησή
1.00	15	PRON	μας
0.62	36	DET	τους
0.38	22	PRON	τους
1.00	4	NOUN	στόχους
1.00	1	NOUN	έκθεσης
1.00	5	AUX	Είναι
1.00	2	ADJ	σαφές
1.00	1	ADJ	κατασταλτικά
1.00	4	NOUN	μέτρα
1.00	1	NOUN	δραστών
1.00	1	VERB	συμπληρώνονται
1.00	1	VERB	ολοκληρώνονται
1.00	2	NOUN	πρόληψης
1.00	1	ADJ	κοινωνικής
1.00	1	NOUN	επανένταξης
1.00	2	NOUN	ατόμων
1.00	1	VERB	εξαρτημένα
1.00	137	ADP	από
1.00	2	NOUN	φύση
1.00	1	ADJ	προβλεπόμενου
1.00	1	NOUN	μέσου
0.97	64	DET	τις
0.03	2	PRON	τις
1.00	1	ADJ	κατασταλτικές
1.00	2	NOUN	πτυχές
1.00	1	NOUN	φαινομένου
1.00	3	ADP	Για
1.00	1	NOUN	προετοιμασία
1.00	1	ADJ	ποινικής
1.00	1	NOUN	πρωτοβουλίας
1.00	1	VERB	εργάσθηκε
1.00	3	VERB	μπορούμε
1.00	1	VERB	πούμε
1.00	1	VERB	έχοντας
1.00	3	ADJ	πλήρη
1.00	1	NOUN	γνώση
1.00	3	ADV	χάρη
1.00	47	ADP	στις
1.00	1	ADJ	σημαντικές
1.00	1	ADJ	προπαρασκευαστικές
1.00	2	NOUN	εργασίες
1.00	1	VERB	επιτελέσαμε
1.00	1	VERB	μελετώντας
1.00	1	NOUN	ορισμούς
1.00	12	PRON	κάθε
0.20	1	ADJ	κράτος
0.80	4	NOUN	κράτος
1.00	1	NOUN	μέλος
1.00	1	NOUN	ποινές
1.00	1	VERB	επιβάλλει
1.00	2	NOUN	νομοθεσία
1.00	22	PUNCT	-
1.00	1	NOUN	πράγμα
1.00	4	PART	όχι
1.00	1	ADV	λιγότερο
1.00	6	ADJ	σημαντικό
1.00	2	ADJ	συγκεκριμένες
1.00	1	NOUN	προϋποθέσεις
1.00	2	NOUN	εφαρμογής
0.14	3	NUM	ένα
0.86	19	DET	ένα
1.00	4	NUM	δεκαπέντε
1.00	8	NOUN	κράτη
1.00	11	NOUN	μέλη
1.00	2	ADV	Επομένως
1.00	1	NOUN	μελέτη
1.00	1	VERB	δημοσιοποιήθηκε
1.00	2	VERB	επέτρεψε
1.00	1	ADJ	συγκριτική
1.00	1	NOUN	ανάλυση
1.00	1	NOUN	νομοθεσίας
1.00	2	ADJ	όλων
1.00	8	NOUN	θέματα
1.00	11	NUM	πρώτη
1.00	3	ADJ	σημαντική
1.00	1	NOUN	διευκρίνιση
1.00	2	PART	Δεν
1.00	1	VERB	θεωρήσουμε
1.00	1	VERB	περιορίζεται
1.00	2	ADJ	διεθνή
1.00	17	CCONJ	ή
1.00	3	ADJ	διασυνοριακή
1.00	1	SCONJ	Διότι
1.00	19	NUM	δύο
1.00	2	ADJ	μεγαλύτερο
1.00	4	NOUN	μέρος
1.00	1	NOUN	περιπτώσεων
1.00	16	VERB	έχει
1.00	1	ADJ	εξωευρωπαϊκή
1.00	1	NOUN	καταγωγή
1.00	1	ADV	πάντα
1.00	1	ADJ	διεθνής
1.00	1	VERB	κατανοώ
1.00	1	ADV	πώς
1.00	1	ADJ	δυνατό
1.00	2	VERB	θέλουμε
1.00	1	VERB	τιμωρήσουμε
1.00	13	ADV	πιο
0.50	1	ADV	αυστηρά
0.50	1	ADJ	αυστηρά
1.00	1	ADJ	σοβαρή
1.00	2	VERB	πραγματοποιείται
0.67	2	NOUN	εσωτερικό
0.33	1	ADJ	εσωτερικό
1.00	4	NOUN	κράτους
1.00	4	NOUN	μέλους
1.00	7	DET	Τα
1.00	3	VERB	μπορούν
1.00	1	VERB	διαθέτουν
1.00	1	ADJ	ποινικούς
1.00	1	NOUN	κώδικες
0.83	5	NUM	έναν
0.17	1	DET	έναν
1.00	3	VERB	εφαρμόζεται
1.00	1	ADV	αποκλειστικά
0.60	3	ADV	μέσα
0.40	2	NOUN	μέσα
1.00	17	ADP	στα
1.00	1	NOUN	σύνορά
1.00	1	PRON	άλλο
1.00	10	SCONJ	όταν
1.00	2	NOUN	διάσταση
1.00	2	PART	Ας
1.00	1	VERB	περάσουμε
1.00	4	NUM	δεύτερο
1.00	4	NOUN	ζήτημα
1.00	1	NOUN	ορισμός
1.00	1	PRON	τι
1.00	6	ADP	Από
1.00	2	NOUN	άποψη
1.00	1	VERB	δέχθηκε
1.00	1	NOUN	επικρίσεις
1.00	1	NOUN	έλλειψη
1.00	1	NOUN	φιλοδοξίας
1.00	2	PRON	Τι
1.00	1	VERB	πράξαμε
1.00	2	PUNCT	;
1.00	1	VERB	Περιοριστήκαμε
1.00	1	VERB	συλλέξουμε
1.00	1	ADJ	βασικά
1.00	5	NOUN	στοιχεία
1.00	1	NOUN	Σύμβασης
1.00	5	ADJ	Ηνωμένων
1.00	1	NOUN	Εθνών
1.00	1	NOUN	1988
1.00	1	ADJ	ψυχοτρόπων
1.00	1	NOUN	ουσιών
1.00	1	VERB	ολοκληρώσαμε
1.00	3	NOUN	ορισμό
1.00	18	PRON	αυτό
1.00	1	ADJ	εθνικές
1.00	1	NOUN	διατάξεις
1.00	1	NOUN	αδικημάτων
1.00	1	VERB	συνδέονται
1.00	9	ADP	Με
1.00	1	NOUN	έννοια
1.00	5	VERB	πρόκειται
1.00	1	NOUN	απόπειρα
1.00	1	VERB	εξευρεθεί
1.00	1	NOUN	σύνθεση
1.00	3	ADV	εδώ
1.00	4	NUM	τρίτη
1.00	1	NOUN	παρατήρηση
1.00	1	VERB	σεβαστήκαμε
1.00	5	NOUN	αρχή
1.00	2	NOUN	επικουρικότητας
1.00	2	CCONJ	Και
1.00	3	ADV	επομένως
1.00	1	VERB	περιλαμβάνεται
1.00	3	ADJ	προσωπική
1.00	2	NOUN	κατανάλωση
1.00	1	CCONJ	ούτε
1.00	2	PART	μη
1.00	1	ADJ	κερδοσκοπική
1.00	1	NOUN	συναλλαγή
1.00	3	NOUN	σκοπό
1.00	4	PRON	αυτά
1.00	1	VERB	επαφίενται
1.00	1	ADJ	αποκλειστική
1.00	1	NOUN	δικαιοδοσία
1.00	1	SCONJ	διότι
1.00	19	ADV	όπως
1.00	1	VERB	κατέστησε
1.00	4	NOUN	συζήτηση
1.00	2	NOUN	τομέα
1.00	1	NOUN	λύσεις
1.00	1	VERB	διαφέρουν
0.50	1	ADV	σημαντικά
0.50	1	ADJ	σημαντικά
1.00	2	PRON	Αυτή
1.00	2	NOUN	Επιτροπής
1.00	1	VERB	έρχεται
1.00	1	VERB	μεταβάλει
1.00	5	PRON	αυτές
1.00	2	NOUN	διαφορές
1.00	2	ADJ	εθνικών
1.00	1	NOUN	νομοθεσιών
1.00	3	NOUN	ζώνες
1.00	6	ADV	όπου
1.00	1	NOUN	σκοπούς
1.00	1	ADJ	προσωπικής
1.00	1	NOUN	κατανάλωσης
1.00	3	VERB	θεωρείται
1.00	1	VERB	καλύπτεται
1.00	2	ADJ	ποινικές
1.00	2	NOUN	κυρώσεις
1.00	1	VERB	αποκτά
1.00	1	PRON	τέτοια
1.00	1	NOUN	σοβαρότητα
1.00	2	VERB	αποτελέσει
1.00	1	NOUN	αντικείμενο
1.00	1	VERB	προτείνει
1.00	33	DET	Το
1.00	3	ADJ	ελάχιστο
1.00	3	NOUN	όριο
1.00	6	NUM	πέντε
1.00	4	NOUN	ετών
1.00	2	ADJ	μέγιστη
1.00	3	NOUN	ποινή
1.00	2	VERB	προσφέρει
1.00	3	ADJ	μεγάλο
1.00	1	NOUN	περιθώριο
1.00	1	NOUN	ελιγμού
1.00	1	VERB	εφαρμόσουν
1.00	1	NOUN	δικαστές
1.00	1	NOUN	νόμο
1.00	1	NOUN	συνάρτηση
1.00	1	NOUN	περιστάσεις
1.00	1	NOUN	περίπτωσης
1.00	14	CCONJ	αλλά
1.00	7	ADV	επίσης
1.00	1	VERB	αποσκοπεί
1.00	1	VERB	δώσει
1.00	6	NOUN	ιδέα
1.00	1	NOUN	αυστηρότητας
1.00	1	VERB	επιδιώκουμε
1.00	1	VERB	τιμωρούνται
1.00	1	NOUN	περιπτώσεις
1.00	1	VERB	Γνωρίζω
1.00	4	ADJ	ορισμένες
1.00	11	NOUN	χώρες
1.00	1	X	Carlos
1.00	1	X	Coelho
1.00	2	VERB	ανέφερε
1.00	1	ADJ	πορτογαλική
1.00	2	NOUN	περίπτωση
1.00	1	ADJ	μέγιστης
1.00	1	NOUN	ποινής
1.00	1	ADJ	αυστηρό
1.00	1	VERB	Οφείλω
1.00	3	VERB	πω
1.00	4	PRON	άλλες
1.00	1	ADJ	χαμηλό
1.00	2	NOUN	αριθμός
1.00	4	NOUN	γνώμη
0.88	7	DET	ένας
0.12	1	NUM	ένας
1.00	1	VERB	ανταποκρίνεται
1.00	1	NOUN	εναρμόνισης
1.00	1	VERB	αφήνοντας
1.00	1	ADV	φυσικά
1.00	2	NOUN	δυνατότητα
1.00	1	VERB	καθιερώσει
1.00	3	PRON	άλλα
0.50	1	ADJ	ελάχιστα
0.50	1	ADV	ελάχιστα
1.00	3	NOUN	όρια
1.00	1	ADJ	εφαρμόσιμη
1.00	1	ADV	Όμως
1.00	1	VERB	συζητείται
1.00	1	NOUN	Συμβουλίου
1.00	3	VERB	Πιστεύω
1.00	2	VERB	ελπίζω
1.00	1	VERB	εγκριθεί
1.00	10	NOUN	Κοινοβούλιο
1.00	6	VERB	αποτελεί
1.00	4	NUM	πρώτο
1.00	2	NOUN	βήμα
1.00	11	PRON	οποίο
1.00	2	VERB	συμμετέχουν
1.00	6	ADJ	όλα
1.00	1	VERB	απειλεί
1.00	11	NOUN	υγεία
1.00	2	NOUN	ασφάλεια
1.00	3	NOUN	ποιότητα
1.00	1	NOUN	ζωής
1.00	9	NOUN	πολιτών
1.00	1	VERB	υπογράμμισε
1.00	1	NOUN	πηγή
1.00	1	NOUN	χρηματοδότησης
1.00	1	ADJ	πολυάριθμων
1.00	6	PRON	άλλων
1.00	1	ADJ	εγκληματικών
1.00	2	NOUN	δραστηριοτήτων
1.00	4	PRON	οποίων
1.00	1	ADJ	ίδιας
1.00	3	NOUN	τρομοκρατίας
1.00	1	VERB	υποστηρίξει
1.00	2	NOUN	έκθεση
1.00	1	VERB	δημιουργήσει
1.00	4	NOUN	συνθήκες
1.00	3	NOUN	Συμβούλιο
1.00	1	VERB	μπορέσει
1.00	1	VERB	εγκρίνει
1.00	3	PRON	αυτήν
1.00	11	ADP	Στα
1.00	5	NOUN	χωριά
1.00	7	PROPN	Παγγαίου
1.00	3	NOUN	όρους
1.00	1	ADJ	Πλούσια
1.00	2	NOUN	βλάστηση
1.00	1	ADJ	ορεινά
1.00	2	NOUN	μονοπάτια
1.00	1	ADJ	μοναδικής
1.00	1	ADJ	φυσικής
1.00	2	NOUN	ομορφιάς
1.00	3	VERB	συνθέτουν
1.00	3	ADJ	μαγευτική
1.00	1	NOUN	εικόνα
1.00	2	NOUN	όρος
1.00	3	PROPN	Παγγαίο
1.00	1	NOUN	δάση
1.00	1	NOUN	καστανιές
1.00	1	NOUN	οξιές
1.00	1	NOUN	κέδρους
1.00	1	NOUN	έλατα
1.00	1	ADV	ανάμεσά
1.00	1	ADJ	τρεχούμενα
1.00	4	NOUN	νερά
1.00	1	NOUN	αγριολούλουδα
1.00	42	PUNCT	"
1.00	1	NOUN	παιόνια
1.00	1	ADV	αλλιώς
1.00	1	NOUN	τουλίπα
1.00	9	ADV	Επίσης
1.00	13	NOUN	περιοχή
1.00	1	VERB	χαρακτηριστεί
1.00	1	ADJ	μόνιμο
1.00	1	NOUN	καταφύγιο
1.00	1	ADJ	άγριων
1.00	1	NOUN	ζώων
1.00	19	CCONJ	ενώ
1.00	1	ADJ	ανάλογης
1.00	1	NOUN	ποικιλότητας
1.00	3	NOUN	σημασίας
1.00	1	NOUN	πανίδα
1.00	1	VERB	εκτείνεται
1.00	1	NUM	324.000
1.00	1	NOUN	στρεμμάτων
1.00	7	ADV	περίπου
1.00	1	VERB	ανήκει
1.00	2	NOUN	Νομό
1.00	2	PROPN	Καβάλας
1.00	1	ADJ	υπόλοιπο
1.00	1	PROPN	Σερρών
1.00	6	ADP	Κατά
1.00	2	NOUN	αρχαιότητα
1.00	11	VERB	είχε
1.00	1	VERB	συνδεθεί
1.00	1	NOUN	λατρεία
1.00	2	PROPN	Διονύσου
1.00	1	PROPN	Ορφέα
1.00	1	ADJ	Ψηλότερη
1.00	1	NOUN	κορυφή
1.00	1	NOUN	Μάτι
1.00	1	X	Πιλάφ
1.00	1	X	Τεπέ
1.00	1	NUM	1956
1.00	4	NOUN	μ.
1.00	1	ADJ	προσβάσιμη
1.00	4	NOUN	χωριό
1.00	1	PROPN	Ακροβούνι
1.00	1	ADJ	παλαιά
1.00	1	ADJ	εθνική
1.00	1	NOUN	οδό
1.00	4	PROPN	Θεσσαλονίκης
1.00	2	PROPN	Ελευθερούπολης
1.00	3	VERB	λειτουργεί
1.00	1	ADJ	Χιονοδρομικό
1.00	1	NOUN	Κέντρο
1.00	3	ADP	Στη
0.33	1	ADJ	βόρεια
0.67	2	ADV	βόρεια
1.00	2	NOUN	πλευρά
1.00	2	ADV	απέναντι
1.00	2	PROPN	Δράμα
1.00	1	ADP	σ'
1.00	1	ADJ	κατάφυτο
1.00	1	NOUN	πέταλο
1.00	1	ADJ	αμφιθεατρική
1.00	2	NOUN	θέα
1.00	1	NOUN	ύψος
1.00	1	NUM	350
1.00	9	VERB	βρίσκεται
1.00	1	NOUN	σύμπλεγμα
1.00	1	ADJ	γραφικών
1.00	1	NOUN	χωριών
1.00	20	DET	Ο
1.00	3	ADJ	Άγιος
1.00	1	PROPN	Χριστόφορος
1.00	1	ADJ	νεότερο
1.00	3	NOUN	οικισμό
1.00	1	NOUN	παρυφές
1.00	5	PRON	οποίος
1.00	3	VERB	χτίστηκε
1.00	1	NOUN	επιθυμία
1.00	2	NOUN	κατοίκων
1.00	2	VERB	βρίσκονται
1.00	1	ADV	κοντύτερα
1.00	1	NOUN	κάμπο
1.00	1	PROPN	Γεωργιανή
1.00	1	NOUN	συνέχεια
1.00	5	ADJ	Αγίου
1.00	1	PROPN	Χριστόφορου
1.00	1	ADV	σύμφωνα
1.00	2	PRON	κάποιες
1.00	1	NOUN	πηγές
1.00	4	ADJ	ίδια
1.00	3	NOUN	θέση
1.00	1	VERB	υπήρχε
1.00	2	ADJ	αρχαία
1.00	1	PROPN	Κοριννός
1.00	1	ADP	Στον
1.00	1	ADJ	ίδιο
1.00	1	NOUN	δρόμο
1.00	1	VERB	συναντάμε
1.00	1	PROPN	Αυλή
1.00	1	VERB	ξεκινάει
1.00	1	ADJ	ορειβατικό
1.00	1	NOUN	μονοπάτι
1.00	2	VERB	διασχίζει
1.00	1	ADJ	ολόκληρο
1.00	1	NOUN	διαδρομή
1.00	1	NUM	τεσσάρων
1.00	1	NOUN	ωρών
1.00	17	DET	Οι
1.00	1	NOUN	κορυφές
1.00	1	PROPN	Ροδόλειβος
1.00	1	NUM	1.927
1.00	1	PROPN	Κουμπύλη
1.00	1	NUM	1.724
1.00	1	PROPN	Ανώνυμη
1.00	1	NUM	1.910
1.00	1	ADJ	κατάλληλες
1.00	1	NOUN	αναρρίχηση
1.00	2	PROPN	Νικήσιανη
1.00	1	NOUN	έδρα
1.00	1	NOUN	Δήμου
1.00	1	VERB	Υπάρχουν
1.00	1	ADJ	διάφορες
1.00	1	NOUN	εκδοχές
1.00	1	NOUN	ετυμολογία
1.00	1	NOUN	ονόματός
1.00	5	ADV	Σύμφωνα
1.00	1	NOUN	παράδοση
1.00	1	VERB	ονομάστηκε
1.00	2	ADV	έτσι
0.67	6	ADV	μετά
0.33	3	ADP	μετά
1.00	1	ADJ	νικηφόρα
1.00	2	NOUN	μάχη
1.00	3	ADP	εναντίον
1.00	1	NOUN	εχθρών
1.00	1	NOUN	αγγελιοφόρος
1.00	1	VERB	έτρεξε
1.00	1	PART	ν'
1.00	1	VERB	αναγγείλει
1.00	1	ADJ	ευχάριστο
1.00	5	NOUN	γεγονός
1.00	1	VERB	φωνάζοντας
1.00	1	VERB	Νίκησαν
1.00	1	PROPN	Σιάνοι
1.00	2	PRON	άλλους
1.00	1	NOUN	κώμη
1.00	4	NOUN	όνομα
1.00	1	PROPN	Ακεσαμναί
1.00	1	ADJ	βυζαντινά
1.00	5	NOUN	χρόνια
0.86	19	AUX	ήταν
0.14	3	VERB	ήταν
1.00	3	ADJ	γνωστή
1.00	15	ADV	ως
1.00	1	PROPN	Αικισίανη
1.00	2	NOUN	αφετηρία
1.00	2	VERB	μπορείτε
1.00	1	VERB	κάνετε
1.00	1	NOUN	ορειβασία
1.00	1	ADJ	απόκρημνες
1.00	1	NOUN	πλαγιές
1.00	4	NOUN	περιοχής
1.00	2	VERB	επισκεφθείτε
1.00	1	ADJ	δυσπρόσιτα
1.00	1	NOUN	σπήλαια
1.00	1	ADJ	εγκαταλειμμένες
1.00	1	NOUN	στοές
1.00	2	NOUN	μεταλλείων
1.00	1	ADJ	Δημοτικό
1.00	1	NOUN	Διαμέρισμα
1.00	1	PROPN	Παλαιοχωρίου
1.00	1	ADJ	κοντινό
1.00	6	NOUN	σημείο
1.00	1	NOUN	δήμου
1.00	1	NOUN	δάσος
0.05	1	PROPN	Κάστρο
0.95	20	X	Κάστρο
1.00	1	ADJ	παραδοσιακές
1.00	1	NOUN	πλατείες
1.00	1	ADJ	στενά
1.00	2	NOUN	δρομάκια
1.00	1	ADJ	ντόπια
1.00	1	ADJ	μακεδονική
1.00	3	NOUN	αρχιτεκτονική
1.00	1	VERB	χαρακτηρίζουν
1.00	1	ADP	Στους
1.00	1	NOUN	πρόποδές
1.00	1	VERB	αξίζει
1.00	1	ADJ	Δασικό
1.00	1	NOUN	Χωριό
1.00	1	VERB	κλείσετε
1.00	1	NOUN	δωμάτιο
1.00	1	NOUN	διαμονή
1.00	1	NOUN	Δήμος
1.00	2	VERB	απέχει
1.00	2	ADV	οδικώς
1.00	1	NUM	135
1.00	6	NOUN	χλμ.
1.00	1	PROPN	Θεσσαλονίκη
1.00	2	NUM	35
1.00	5	PROPN	Καβάλα
1.00	1	NUM	22
1.00	1	NUM	64
1.00	1	PROPN	Σέρρες
1.00	1	NOUN	νησίδα
0.67	4	PROPN	Βίδο
0.17	1	X	Βίδο
0.17	1	NOUN	Βίδο
1.00	6	NOUN	νησί
1.00	11	NOUN	πόλη
1.00	2	PROPN	Κέρκυρας
1.00	3	NOUN	απόσταση
1.00	1	NUM	1200
1.00	3	ADJ	παλιό
1.00	5	NOUN	λιμάνι
1.00	1	VERB	Έχει
1.00	1	NOUN	έκταση
1.00	1	NUM	538
1.00	1	NOUN	στρέμματα
1.00	1	VERB	φημίζεται
1.00	4	ADJ	πανέμορφες
1.00	3	NOUN	παραλίες
1.00	3	ADJ	φυσική
1.00	2	NOUN	ομορφιά
1.00	2	NOUN	νησάκι
1.00	1	ADJ	ακατοίκητο
1.00	5	CCONJ	όμως
1.00	1	ADJ	κατασκηνωτικό
1.00	4	NOUN	κέντρο
1.00	4	VERB	φιλοξενεί
1.00	2	NOUN	χρόνο
1.00	1	NOUN	παιδιά
1.00	1	ADJ	σχολικής
1.00	2	NOUN	ηλικίας
1.00	7	PROPN	Ελλάδα
1.00	3	NOUN	εξωτερικό
1.00	1	NOUN	ιατρείο
1.00	1	NOUN	εστιατόριο
1.00	1	NOUN	αναψυκτήρια
1.00	2	NOUN	χώρος
1.00	2	NOUN	εκπαίδευσης
1.00	1	NOUN	προσκόπων
1.00	1	NOUN	ναυτοπροσκόπων
1.00	4	NOUN	ζωή
1.00	1	NOUN	κατασκηνώσεις
1.00	1	VERB	στεγάζονται
1.00	1	NOUN	συγκρότημα
1.00	1	NOUN	κτιρίων
1.00	6	VERB	έχουν
1.00	1	VERB	επισκευασθεί
1.00	1	VERB	αναπαλαιωθεί
1.00	7	NOUN	νησιού
1.00	1	VERB	οφείλει
1.00	1	NOUN	ονομασία
1.00	1	NOUN	ιδιοκτήτες
1.00	2	X	Guido
1.00	1	X	Malipieri
1.00	1	VERB	αποδόθηκε
1.00	1	NOUN	επώνυμο
1.00	1	NOUN	ιδιοκτήτη
1.00	1	VERB	παραφράστηκε
1.00	1	ADV	Παλιότερα
1.00	1	VERB	ονομαζόταν
1.00	1	PROPN	Πτυχία
1.00	1	PROPN	Ηραίου
1.00	1	PROPN	Νήσος
1.00	1	PROPN	Στέφανος
1.00	1	NOUN	Νησί
1.00	1	PROPN	Ειρήνης
1.00	1	VERB	Αποτελεί
1.00	1	ADJ	αγαπημένους
1.00	1	NOUN	προορισμούς
1.00	1	PROPN	Κερκυραίων
1.00	1	VERB	συνδυάζει
1.00	1	ADJ	αστείρευτη
1.00	2	NOUN	μαγεία
1.00	1	NOUN	θάλασσας
1.00	1	SCONJ	Εάν
1.00	1	VERB	βρεθείτε
1.00	4	PART	μην
1.00	1	VERB	παραλείψετε
1.00	1	VERB	κολυμπήσετε
1.00	1	VERB	οργανωμένη
1.00	1	NOUN	παραλία
1.00	1	VERB	θαυμάσετε
1.00	1	NOUN	φύσης
1.00	1	NOUN	περιήγηση
1.00	2	ADV	ειδικά
1.00	1	VERB	διαμορφωμένα
1.00	3	VERB	υπάρχει
1.00	1	NOUN	μνημείο
1.00	1	PROPN	Σέρβων
0.50	1	NOUN	στρατιωτικών
0.50	1	ADJ	στρατιωτικών
1.00	1	VERB	έστησε
1.00	1	ADJ	Σερβική
1.00	11	NOUN	κυβέρνηση
1.00	1	ADJ	ιστορική
1.00	2	NOUN	εκκλησία
1.00	1	PROPN	Στεφάνου
1.00	1	VERB	συνδέεται
1.00	1	NOUN	καραβάκια
1.00	1	VERB	αναχωρούν
1.00	1	ADV	καθημερινά
1.00	2	ADJ	μισή
1.00	6	NOUN	ώρα
1.00	2	NUM	9
1.00	1	NOUN	π.μ.
1.00	1	NOUN	μ.μ.
1.00	1	NOUN	Κυρία
1.00	2	NOUN	έκρηξη
1.00	3	NOUN	ηφαιστείου
1.00	3	X	Νιραγκόνγκο
1.00	1	VERB	αποκάλυψε
1.00	2	NOUN	πραγματικότητες
1.00	1	VERB	συνιστούν
1.00	3	NOUN	κοινότητα
1.00	6	ADP	εν
1.00	1	NOUN	γένει
0.67	4	ADV	συγκεκριμένα
0.33	2	ADJ	συγκεκριμένα
1.00	2	NOUN	πραγματικότητα
1.00	2	ADJ	άκρας
1.00	2	NOUN	ένδειας
1.00	6	ADP	υπό
1.00	1	VERB	ζουν
1.00	2	NUM	χιλιάδες
1.00	4	NOUN	άνθρωποι
1.00	2	ADJ	συγκεκριμένη
1.00	1	ADJ	ανατολική
1.00	2	NOUN	περιφέρεια
1.00	5	ADJ	όλη
1.00	1	NOUN	επικράτεια
1.00	2	ADJ	Λαϊκής
1.00	4	NOUN	Δημοκρατίας
1.00	1	X	Κονγκό
1.00	2	DET	μιας
1.00	1	VERB	επιδεινώνεται
1.00	9	ADV	ακόμη
1.00	2	ADV	περισσότερο
1.00	6	ADP	λόγω
1.00	1	ADJ	εμπόλεμης
1.00	1	NOUN	κατάστασης
1.00	1	VERB	μαστίζει
1.00	7	NOUN	χώρα
1.00	1	NOUN	1996
1.00	1	VERB	Έχουν
1.00	4	ADV	ήδη
1.00	1	VERB	παρουσιαστεί
1.00	3	ADJ	ορισμένα
1.00	1	VERB	αναφέρθηκε
1.00	2	ADV	πάνω
1.00	1	NUM	300.000
1.00	3	NOUN	άτομα
1.00	3	VERB	χρειάζονται
1.00	4	NOUN	βοήθεια
1.00	1	NUM	30%
1.00	4	NOUN	πληθυσμού
1.00	1	NOUN	στέγη
1.00	1	VERB	ανοικοδομηθούν
1.00	1	NUM	12.000
1.00	1	NOUN	κατοικίες
1.00	1	VERB	υπήρξε
1.00	1	ADV	εξαιρετικά
1.00	1	ADJ	επίκαιρο
1.00	2	NOUN	ψήφισμα
1.00	1	VERB	εγκρίναμε
1.00	2	NOUN	εβδομάδα
1.00	1	VERB	διασυνδέει
1.00	1	ADJ	έκτακτης
1.00	2	NOUN	ανάγκης
1.00	2	NOUN	αποκατάσταση
1.00	1	ADJ	αναπτυξιακή
1.00	4	NUM	δεύτερη
1.00	2	NOUN	μίσος
1.00	1	VERB	σιγοφούντωνε
1.00	2	NOUN	λαών
1.00	4	ADJ	ανατολικής
1.00	1	NOUN	περιφέρειας
1.00	1	ADJ	γειτονικού
1.00	2	PROPN	Ρουάντα
1.00	1	VERB	εκφράστηκε
1.00	2	NOUN	άρνηση
1.00	2	X	Γκόμα
1.00	1	VERB	δεχθεί
1.00	1	NOUN	φιλοξενία
1.00	1	VERB	προσέφερε
1.00	1	ADJ	μαζική
1.00	1	NOUN	επιστροφή
1.00	1	NOUN	εδάφη
1.00	8	VERB	είχαν
1.00	1	VERB	κατακλυσθεί
1.00	1	NOUN	ηφαίστειο
0.33	1	ADP	παρά
0.67	2	CCONJ	παρά
1.00	2	NOUN	κίνδυνο
1.00	3	ADJ	νέας
1.00	3	NOUN	έκρηξης
1.00	1	VERB	οδηγήσουν
1.00	1	NOUN	δράση
1.00	4	ADJ	Ευρωπαϊκής
1.00	1	VERB	επιτρέψουν
1.00	1	VERB	παρέμβουμε
1.00	1	ADJ	βέβαιο
1.00	1	VERB	λείπει
1.00	1	ADJ	ορθή
1.00	1	NOUN	ανοικοδόμησης
1.00	1	ADJ	πιθανών
0.67	2	ADJ	νέων
0.33	1	NOUN	νέων
1.00	1	NOUN	εκρήξεων
1.00	1	NOUN	ελέγχου
1.00	3	CCONJ	Ωστόσο
1.00	1	ADJ	χρήσιμα
1.00	4	NOUN	αποτελέσματα
1.00	6	SCONJ	αν
1.00	1	VERB	εδραιωθούν
1.00	1	NOUN	θεμέλια
1.00	1	DET	ενός
1.00	1	ADJ	δημοκρατικού
1.00	3	NOUN	καθεστώτος
1.00	1	ADJ	ευρεία
1.00	1	ADJ	κοινωνική
1.00	1	NOUN	συναίνεση
1.00	1	VERB	εγγυάται
1.00	2	NOUN	σταθερότητα
1.00	1	NOUN	ειρήνη
1.00	1	CCONJ	Ούτε
1.00	2	VERB	ωφελήσει
1.00	2	PRON	τίποτα
1.00	3	NOUN	εμπιστοσύνη
1.00	3	PRON	αυτός
1.00	1	NOUN	διάλογος
1.00	1	PROPN	Κονγκολέζων
1.00	1	VERB	ξαναρχίζει
1.00	1	X	Σαν
1.00	1	X	Σίτυ
1.00	2	ADJ	Νότιας
1.00	1	PROPN	Αφρικής
1.00	1	VERB	θέσει
1.00	1	NOUN	σύγκρουση
1.00	1	VERB	θεωρούμε
1.00	2	SCONJ	πως
1.00	1	VERB	διοργανωθεί
1.00	1	ADJ	περιφερειακή
1.00	1	NOUN	διάσκεψη
1.00	1	VERB	συμβάλει
1.00	1	NOUN	συμφιλίωση
1.00	6	NOUN	χωρών
1.00	1	ADJ	Μεγάλων
1.00	1	NOUN	Λιμνών
1.00	1	VERB	αποκαταστήσει
1.00	1	VERB	χαμένη
1.00	1	VERB	κατοικούν
1.00	2	ADV	εκεί
1.00	1	VERB	υποβάλλουμε
1.00	5	NOUN	σύνολο
1.00	1	NOUN	βουλήσεων
1.00	1	NOUN	στρατηγικών
1.00	1	VERB	εφαρμοσθούν
1.00	5	SCONJ	προκειμένου
1.00	1	VERB	αντιμετωπιστεί
1.00	2	ADP	χωρίς
1.00	4	CCONJ	ωστόσο
1.00	1	VERB	παραγνωριστούν
1.00	2	PRON	όσα
1.00	1	VERB	ανέφερα
1.00	1	ADV	προηγουμένως
1.00	1	VERB	Υποστηρίζουμε
1.00	1	ADJ	σφαιρικό
1.00	3	NOUN	σχέδιο
1.00	1	NOUN	2000
1.00	2	NOUN	διαχείριση
1.00	1	X	ECHO
1.00	1	VERB	ζητάμε
1.00	1	VERB	επισπευσθεί
1.00	4	ADV	ιδιαίτερα
1.00	1	ADJ	αφρικανική
1.00	2	VERB	επιτευχθούν
1.00	3	NOUN	στόχοι
1.00	1	VERB	εκτέθηκαν
1.00	1	ADV	ανωτέρω
1.00	1	VERB	καθυστερήσουν
1.00	1	NOUN	ενισχύσεις
1.00	1	VERB	συμβεί
1.00	1	ADV	δυστυχώς
1.00	3	ADJ	πολλές
1.00	1	NOUN	φορές
1.00	1	NOUN	Χειροκροτήματα
1.00	2	NUM	Πέντε
1.00	1	ADJ	νεκροί
1.00	3	PROPN	Καμπούλ
1.00	1	NOUN	πληροφορίες
1.00	1	VERB	σκοτώθηκαν
1.00	3	VERB	τραυματίστηκαν
1.00	1	ADJ	παγιδευμένου
1.00	2	NOUN	αυτοκινήτου
1.00	1	NOUN	συμβάν
1.00	2	VERB	έλαβε
1.00	5	ADJ	στρατιωτική
1.00	1	NOUN	αυτοκινητοπομπή
1.00	19	NOUN	ΗΠΑ
1.00	1	NOUN	αυτοκίνητο
1.00	1	ADJ	γεμάτο
1.00	1	ADV	εκρηκτικά
1.00	1	VERB	εξερράγη
1.00	2	NOUN	Αποτέλεσμα
1.00	2	VERB	αποτέλεσε
1.00	1	NOUN	θάνατος
1.00	1	NOUN	τραυματισμός
1.00	2	NOUN	ανθρώπων
1.00	1	NOUN	σπίτια
1.00	1	VERB	κάηκαν
1.00	1	ADV	ολοσχερώς
1.00	1	PROPN	Αμερικανοί
1.00	1	VERB	ανέλαβαν
1.00	2	NOUN	προστασία
1.00	1	X	Αφγανιστάν
1.00	1	NOUN	Νοέμβριο
1.00	1	ADP	Γι'
1.00	1	NOUN	λόγο
1.00	2	ADJ	Ηνωμένες
1.00	2	NOUN	Πολιτείες
1.00	1	PROPN	Αμερικής
1.00	1	VERB	αποφάσισαν
1.00	1	VERB	στείλουν
1.00	1	NOUN	στρατεύματα
1.00	1	VERB	προκαλώντας
1.00	1	NOUN	αντίδραση
1.00	1	NOUN	εξτρεμιστών
1.00	1	ADV	Αμέσως
1.00	1	NOUN	απελευθέρωση
1.00	3	PROPN	Ελλάδας
1.00	1	PROPN	γερμανούς
1.00	1	NOUN	κατακτητές
1.00	1	ADJ	εθνικής
1.00	1	NOUN	ενότητας
1.00	1	PROPN	Γεωργίου
1.00	3	PROPN	Παπανδρέου
1.00	2	VERB	ανέλαβε
1.00	1	ADJ	δύσκολο
1.00	3	NOUN	έργο
1.00	1	NOUN	αντιμετώπισης
1.00	1	ADJ	μεγάλου
1.00	1	ADJ	οικονομικού
1.00	2	NOUN	προβλήματος
1.00	1	VERB	άφησε
1.00	1	ADV	πίσω
1.00	5	NUM	Β'
1.00	2	ADJ	Παγκόσμιος
1.00	2	NOUN	Πόλεμος
1.00	1	ADV	Ταυτόχρονα
1.00	4	VERB	τεθεί
1.00	1	ADV	αφενός
1.00	1	ADV	μεν
1.00	1	ADJ	παραδειγματικής
1.00	1	NOUN	τιμωρίας
1.00	1	NOUN	συνεργατών
1.00	2	NOUN	κατακτητή
1.00	1	ADV	αφετέρου
1.00	3	ADV	δε
1.00	1	NOUN	μεθόδευση
1.00	2	NOUN	αφοπλισμού
1.00	1	NOUN	ανταρτών
0.67	2	ADV	τελικά
0.33	1	ADJ	τελικά
1.00	1	VERB	έφερε
1.00	1	NOUN	διχασμό
1.00	1	ADJ	αντάρτικων
1.00	1	NOUN	ομάδων
1.00	1	ADV	Πιο
1.00	1	ADJ	έντονες
1.00	1	NOUN	αντιδράσεις
1.00	2	VERB	προκάλεσε
1.00	1	ADJ	γενικό
1.00	1	NOUN	αφοπλισμό
1.00	1	VERB	εξαιρούνταν
1.00	1	NUM	Τρίτη
1.00	1	ADJ	Ελληνική
1.00	1	ADJ	Ορεινή
1.00	2	NOUN	Ταξιαρχία
1.00	2	ADJ	Ιερός
0.50	1	ADJ	Λόχος
0.50	1	NOUN	Λόχος
1.00	1	NOUN	σκεπτικό
1.00	1	NOUN	λειτουργία
1.00	3	NOUN	τμήμα
1.00	1	ADJ	τακτικού
1.00	2	ADJ	Ελληνικού
1.00	1	NOUN	Στρατού
1.00	1	VERB	πολέμησε
1.00	1	ADJ	Βόρειο
1.00	1	PROPN	Αφρική
1.00	2	PROPN	Ιταλία
1.00	3	ADV	Ως
1.00	1	ADJ	ενδεικτική
1.00	1	NOUN	διχασμού
1.00	6	ADV	ανάμεσα
1.00	1	NOUN	στελέχη
1.00	4	NOUN	κυβέρνησης
1.00	1	NOUN	παραίτηση
1.00	1	NOUN	υπουργών
1.00	6	NOUN	ΕΑΜ
1.00	1	VERB	πραγματοποιήθηκε
1.00	1	NOUN	2_Δεκεμβρίου_του_1944
1.00	1	VERB	Επιχειρώντας
1.00	1	VERB	διαμαρτυρηθεί
1.00	4	NOUN	εξελίξεις
1.00	2	NOUN	Ε.Α.Μ.
1.00	1	VERB	διοργάνωσε
1.00	2	NOUN	συγκέντρωση
1.00	1	NOUN	διαμαρτυρίας
1.00	1	NOUN	3_Δεκεμβρίου_1944
1.00	3	NOUN	πλατεία
1.00	2	NOUN	Συντάγματος
1.00	1	NOUN	διαδήλωση
1.00	3	ADJ	μεγάλη
1.00	3	NOUN	συμμετοχή
1.00	1	VERB	κατέληξε
1.00	1	NOUN	λουτρό
1.00	1	NOUN	αίματος
1.00	2	VERB	χτυπήθηκε
1.00	2	NOUN	πυροβολισμούς
1.00	1	NOUN	κτίριο
1.00	1	ADJ	Αστυνομικής
1.00	1	NOUN	Διεύθυνσης
1.00	1	VERB	ακροβολισμένοι
1.00	3	NOUN	αστυνομικοί
1.00	1	NUM	28
1.00	1	VERB	έχασαν
1.00	2	NUM	21
1.00	2	NOUN	Σύνταγμα
1.00	1	NUM	140
1.00	5	DET	Την
1.00	4	ADJ	επόμενη
1.00	3	NOUN	μέρα
1.00	1	NOUN	4_Δεκεμβρίου
1.00	1	VERB	οργανώθηκε
1.00	2	ADJ	γενική
1.00	1	NOUN	απεργία
1.00	1	VERB	Διοργανώθηκε
1.00	3	ADJ	νέα
1.00	3	NOUN	πορεία
1.00	1	ADJ	κεντρικό
1.00	1	NOUN	σύνθημα
1.00	16	PUNCT	«
1.00	2	SCONJ	Όταν
1.00	2	NOUN	λαός
1.00	1	ADV	μπροστά
1.00	1	NOUN	τυραννίας
1.00	1	VERB	διαλέγει
1.00	1	NOUN	αλυσίδες
1.00	1	NOUN	όπλα
1.00	16	PUNCT	»
1.00	1	ADV	ξανά
1.00	9	ADP	στους
1.00	3	PRON	οποίους
1.00	1	VERB	απάντησαν
1.00	3	NOUN	τμήματα
1.00	1	ADJ	εφεδρικού
1.00	6	NOUN	ΕΛΑΣ
1.00	1	VERB	συνόδευαν
1.00	3	PROPN	Αθήνας
1.00	1	VERB	μετατράπηκε
1.00	1	NOUN	πεδίο
1.00	1	NOUN	μάχης
1.00	1	NOUN	μονάδες
1.00	1	ADJ	κυβερνητικές
1.00	9	NOUN	δυνάμεις
1.00	1	ADV	Ανάμεσα
1.00	1	VERB	περιλαμβάνονταν
1.00	1	NOUN	άνδρες
1.00	1	NOUN	χωροφυλακής
1.00	1	ADJ	νεοσύστατη
1.00	1	NOUN	Εθνοφυλακή
1.00	1	ADJ	ορεινή
1.00	1	NOUN	ταξιαρχία
1.00	1	NOUN	Ρίμινι
1.00	1	PROPN	Θρασύβουλο
1.00	1	PROPN	Τσακαλώτο
1.00	1	NOUN	μαθητές
1.00	1	NOUN	σχολής
1.00	1	NOUN	Ευελπίδων
1.00	2	ADV	πρώην
1.00	1	NOUN	Ταγμάτων
1.00	3	NOUN	Ασφαλείας
1.00	1	VERB	υποστηρίζονταν
1.00	2	ADJ	βρετανικές
1.00	1	ADJ	μηχανοκίνητες
1.00	1	VERB	Συμμετείχαν
1.00	2	ADJ	αντιστασιακών
1.00	3	NOUN	οργανώσεων
1.00	1	NOUN	ΠΕΑΝ
1.00	1	ADJ	Ιερή
1.00	1	NOUN	ΡΑΝ
1.00	1	ADJ	φοιτητική
1.00	1	NOUN	ΕΣΑΣ
1.00	1	ADJ	Εθνική
1.00	1	NOUN	Δράση
1.00	3	NOUN	ΕΔΕΣ
1.00	2	PROPN	Αθηνών
1.00	1	ADJ	φιλοβασιλική
1.00	2	SYM	Χ
1.00	2	ADJ	μικρότερες
1.00	7	NOUN	ομάδες
1.00	1	VERB	Σημειώνεται
1.00	1	NOUN	απόψεις
1.00	2	NOUN	στάση
1.00	1	PROPN	Βρετανών
0.67	2	ADJ	Δεκεμβριανών
0.33	1	PROPN	Δεκεμβριανών
1.00	1	VERB	διίστανται
1.00	1	NOUN	συγγραφέας
1.00	2	NOUN	Γ.
1.00	1	NOUN	Μαργαρίτης
1.00	2	NOUN	βιβλίο
1.00	4	NOUN	περίοδο
1.00	3	ADJ	Εμφυλίου
1.00	1	NOUN	πολέμου
1.00	2	VERB	αναφέρει
1.00	1	PROPN	Βρετανοί
1.00	1	ADV	μάλλον
1.00	1	VERB	παρακολουθούσαν
1.00	1	VERB	συμμετείχαν
1.00	1	ADV	ενεργά
1.00	3	NOUN	μάχες
1.00	1	SCONJ	γιατί
1.00	1	VERB	ήθελαν
1.00	1	NOUN	απώλειες
1.00	4	PRON	Αυτό
1.00	10	VERB	μπορεί
1.00	2	VERB	ισχύει
1.00	1	NOUN	αεροπορία
1.00	2	ADV	δεδομένου
1.00	1	VERB	διέθετε
1.00	1	ADJ	αντιαεροπορικό
1.00	1	NOUN	οπλισμό
1.00	1	PRON	άλλη
1.00	1	ADJ	αρκετοί
1.00	1	VERB	θεωρούν
1.00	1	NOUN	δεδομένο
1.00	1	VERB	παρενέβαιναν
1.00	1	ADV	συστηματικά
1.00	3	ADJ	πολιτικές
1.00	1	NOUN	βλέψεις
1.00	1	ADP	Προς
1.00	4	NOUN	κατεύθυνση
1.00	1	VERB	αναφέρεται
1.00	1	NOUN	επίσκεψη
1.00	4	ADV	τότε
1.00	1	PROPN	βρετανού
1.00	1	NOUN	πρωθυπουργού
1.00	1	X	Ουίνστον
1.00	1	X	Τσόρτσιλ
1.00	1	NOUN	24_Δεκεμβρίου_1944
1.00	2	ADV	στρατιωτικά
1.00	1	ADJ	παράδοξη
1.00	1	ADJ	χαώδης
1.00	5	NOUN	βάση
1.00	1	VERB	εξελισσόταν
1.00	2	ADJ	παράλληλες
1.00	2	ADV	σχεδόν
1.00	1	NOUN	πρωτεύουσας
1.00	2	ADV	Τελικά
1.00	1	NOUN	6_Ιανουαρίου_του_1945
1.00	1	ADJ	ΕΑΜικού
1.00	1	NOUN	μετώπου
1.00	1	VERB	αναγκάστηκαν
1.00	1	VERB	εκκενώσουν
1.00	1	PROPN	Πειραιά
1.00	3	PROPN	Αθήνα
1.00	3	NOUN	μέρες
1.00	2	ADV	αργότερα
1.00	1	NOUN	11_Ιανουαρίου
1.00	2	VERB	δόθηκε
1.00	3	NOUN	τέρμα
1.00	9	NOUN	συμφωνία
1.00	1	ADJ	βρετανό
1.00	1	NOUN	στρατηγό
1.00	1	X	Σκόμπυ
1.00	4	ADP	Μετά
1.00	2	NOUN	ήττα
1.00	1	NOUN	ΕΑΜ-ΕΛΑΣ
1.00	1	VERB	αποχώρησε
1.00	3	ADV	μαζί
1.00	2	NOUN	υποστηρικτές
1.00	1	ADP	κατ'
1.00	4	ADJ	νέο
1.00	1	PROPN	Ελασίτη
1.00	1	PROPN	Ριχάρδο
1.00	1	PROPN	Σωμερίτη
1.00	2	NOUN	όμηροι
1.00	1	VERB	έδρασε
1.00	3	NOUN	οργάνωση
1.00	3	NOUN	ΚΚΕ
1.00	1	NOUN	ΟΠΛΑ
1.00	2	PRON	οποίας
1.00	1	VERB	δολοφόνησαν
1.00	2	NOUN	αριθμό
1.00	1	ADJ	αντιφρονούντων
1.00	4	ADJ	πολλούς
1.00	1	PROPN	Τροτσκιστές
1.00	1	VERB	περιγράφει
1.00	1	NOUN	τροτσκιστής
1.00	1	PROPN	Στίνας
1.00	1	NOUN	ΕΑΜ-ΕΛΑΣ-ΟΠΛΑ
1.00	1	NOUN	γεγονότα
1.00	1	NOUN	Δεκέμβρη
1.00	1	NOUN	'44
1.00	1	VERB	θεωρούνται
1.00	5	NOUN	φάση
1.00	2	NUM	δεύτερος
1.00	2	NOUN	γύρος
1.00	1	ADJ	μεταπολεμική
1.00	1	ADJ	οπτική
1.00	1	VERB	οδήγησαν
1.00	1	NUM	τρίτο
1.00	1	NOUN	γύρο
1.00	1	VERB	τερματίστηκε
1.00	1	NUM	1949
1.00	1	NOUN	Κ.Κ.Ε.
1.00	6	ADP	Στην
1.00	1	ADJ	αντικομμουνιστική
1.00	1	NOUN	ιδεολογία
1.00	1	VERB	προστέθηκε
1.00	4	NOUN	φορά
1.00	1	PRON	εκείνη
1.00	1	NOUN	εποχή
1.00	6	NOUN	παράδειγμα
1.00	12	ADP	προς
1.00	1	NOUN	αποφυγή
1.00	1	NOUN	βασιλέα
1.00	2	PROPN	Άγγλους
1.00	2	ADJ	Σοβιετικής
1.00	2	ADJ	πλήρης
1.00	1	NOUN	απαξίωση
1.00	1	NOUN	έργου
1.00	1	NOUN	μπολσεβίκων
1.00	3	NOUN	ΕΣΣΔ
1.00	2	NOUN	επίθεση
1.00	1	X	Στάλιν
1.00	2	NOUN	σημεία
1.00	1	NOUN	Ιστορίας
1.00	2	ADV	ακόμα
1.00	4	ADV	σήμερα
1.00	1	NUM	60
1.00	1	VERB	αμφισβητούνται
1.00	1	VERB	Ήταν
1.00	1	NOUN	σύμμαχοι
1.00	1	VERB	διαχώριζαν
1.00	2	ADV	ανοιχτά
1.00	1	ADJ	Σοβιετικούς
1.00	1	NOUN	μπολσεβικισμό
1.00	1	NOUN	σοσιαλισμό
1.00	1	VERB	προανήγγειλε
1.00	1	ADJ	Ψυχρού
1.00	4	NOUN	Πολέμου
1.00	2	NOUN	δικαστήρια
1.00	1	ADJ	εμπλεκόμενοι
1.00	1	NOUN	κύκλωμα
1.00	1	VERB	προσήλθαν
1.00	1	NOUN	απολογία
1.00	1	NOUN	ανακριτή
1.00	1	NUM	εννιά
1.00	1	ADJ	τελευταίοι
1.00	2	ADJ	κατηγορούμενοι
1.00	1	VERB	συλληφθεί
1.00	1	NOUN	εμπορία
1.00	1	VERB	εξαρθρώθηκε
1.00	1	NOUN	Ασφάλεια
1.00	1	ADV	έξω
1.00	1	ADJ	δικαστικό
1.00	1	NOUN	μέγαρο
1.00	1	VERB	συγκεντρωθεί
1.00	1	ADJ	προερχόμενοι
1.00	1	PROPN	Βόλο
1.00	1	VERB	συμπαρασταθούν
1.00	1	ADJ	κατηγορούμενο
1.00	1	NOUN	διοικητή
1.00	1	VERB	αποδοκιμάσουν
1.00	1	NOUN	συναδέλφους
1.00	1	VERB	συνέλαβαν
1.00	1	ADV	χθες
1.00	1	VERB	κρίθηκε
1.00	2	ADV	προσωρινά
1.00	1	NOUN	κρατούμενος
1.00	1	ADP	κατόπιν
1.00	1	NOUN	απολογίας
1.00	1	NOUN	αρχιφύλακας
1.00	1	NOUN	Ασφάλειας
1.00	1	PROPN	Αγρινίου
1.00	1	VERB	προφυλακιστούν
1.00	1	PRON	άλλοι
1.00	1	NOUN	συγκατηγορούμενοί
1.00	1	PRON	οποίοι
1.00	1	VERB	απολογούνταν
1.00	3	NOUN	πρωί
1.00	1	ADP	ενώπιον
1.00	1	NUM	Δ'
1.00	1	ADJ	ειδικής
1.00	1	NOUN	ανακρίτριας
1.00	1	PRON	Άλλοι
1.00	1	ADV	τουναντίον
1.00	2	VERB	αφέθηκαν
1.00	2	ADJ	ελεύθεροι
1.00	2	ADP	εξ
1.00	1	PRON	όσων
1.00	1	VERB	εμπλέκονταν
1.00	2	NOUN	υπόθεση
1.00	2	ADP	Μέχρι
1.00	1	ADJ	εμπλεκομένων
1.00	1	VERB	προφυλακίστηκαν
1.00	1	NUM	14
1.00	1	NUM	12
1.00	1	ADJ	περιοριστικούς
1.00	9	PROPN	Φιλιππίνες
1.00	2	VERB	υπέγραψαν
1.00	4	NOUN	ευκαιρία
1.00	2	NOUN	επίσκεψης
1.00	4	PROPN	Ομπάμα
1.00	2	VERB	υπεγράφη
1.00	2	NOUN	έλεγχο
1.00	2	PROPN	Κίνας
1.00	4	VERB	δήλωσε
1.00	3	NOUN	Πρόεδρος
1.00	1	NOUN	συνέντευξης
1.00	1	NOUN	Τύπου
1.00	2	NOUN	Πρόεδρο
1.00	2	PROPN	Φιλιππίνων
1.00	1	PROPN	Μπενίνιο
1.00	1	PROPN	Ακίνο
1.00	1	ADJ	αμερικανός
1.00	1	VERB	σημείωσε
1.00	1	ADJ	εποικοδομητικές
1.00	1	NOUN	σχέσεις
1.00	4	PROPN	Κίνα
1.00	1	NOUN	συμφωνίας
1.00	1	NOUN	διασφάλιση
1.00	1	NOUN	σεβασμού
1.00	2	ADJ	διεθνών
1.00	1	NOUN	κανόνων
1.00	1	VERB	συμπεριλαμβανομένου
1.00	1	NOUN	διαφορών
1.00	1	ADJ	θαλάσσιες
1.00	1	ADJ	εδαφικές
1.00	1	NOUN	Θάλασσας
1.00	1	ADJ	κινεζικό
1.00	1	ADJ	κρατικό
1.00	1	NOUN	πρακτορείο
1.00	1	NOUN	ειδήσεων
1.00	1	PROPN	Ζινχουά
1.00	1	VERB	αποκάλεσε
1.00	1	ADJ	ανησυχητική
1.00	1	VERB	αλλάξει
1.00	2	NOUN	τρόπο
1.00	2	PROPN	Μανίλα
1.00	1	VERB	αντιμετωπίζει
1.00	1	PROPN	Πεκίνο
1.00	1	NOUN	διαδηλώσεις
1.00	3	NOUN	Προέδρου
1.00	1	ADJ	αμυντικής
1.00	1	NOUN	συνεργασίας
1.00	4	NOUN	Πολιτειών
1.00	2	VERB	πραγματοποιήθηκαν
1.00	3	NOUN	πρωτεύουσα
1.00	5	NOUN	χώρας
1.00	1	ADV	Τουλάχιστον
1.00	1	NUM	100
1.00	2	NOUN	διαδηλωτές
1.00	1	VERB	συγκρούστηκαν
1.00	1	NOUN	αστυνομία
1.00	1	VERB	διακόπτοντας
1.00	1	NOUN	κυκλοφορία
1.00	2	ADV	κοντά
1.00	1	NOUN	Παλάτι
1.00	1	PROPN	Μαλακανάνγκ
1.00	1	ADJ	αντίθετη
1.00	1	ADJ	δημοκρατικές
1.00	1	NOUN	κατακτήσεις
1.00	1	VERB	επιτεύχθηκαν
1.00	2	NOUN	κλείσιμο
1.00	2	NOUN	βάσεων
1.00	2	NOUN	αρχές
1.00	3	NOUN	δεκαετίας
0.50	1	NUM	1990
0.50	1	NOUN	1990
1.00	1	VERB	σηματοδοτήσει
1.00	1	ADJ	αμερικανικής
1.00	2	ADJ	στρατιωτικής
1.00	2	NOUN	παρουσίας
1.00	3	NOUN	αιώνα
1.00	2	NUM	Ένας
1.00	1	NOUN	πρωτοστάτες
1.00	1	NOUN	διαδηλώσεων
1.00	1	PROPN	Ρενάτο
1.00	1	PROPN	Ρέγιες
1.00	1	NOUN	πρέσβη
1.00	1	VERB	υπονομεύει
1.00	1	NOUN	ανεξαρτησία
1.00	1	PROPN	Μπαράκ
1.00	1	VERB	προσπάθησε
1.00	1	VERB	εξουδετερώσει
1.00	1	NOUN	ανησυχίες
1.00	1	VERB	λέγοντας
1.00	4	ADJ	αμερικανική
1.00	1	NOUN	κυριαρχία
1.00	1	NOUN	ασκήσεων
1.00	1	VERB	ανταποκριθούν
1.00	2	ADV	γρήγορα
1.00	3	NOUN	σειρά
1.00	1	NOUN	προκλήσεις
1.00	2	VERB	συμπεριλαμβανομένων
1.00	1	NOUN	καταστροφών
1.00	1	NOUN	πρόδρομος
1.00	1	VERB	θεωρηθούν
1.00	2	NOUN	συγκρούσεις
1.00	5	NOUN	κατοχής
1.00	1	ADJ	Κορυφαίος
1.00	1	NOUN	παράγων
1.00	1	NOUN	εμπλοκή
1.00	1	ADJ	Μεγάλης
1.00	1	PROPN	Βρετανίας
1.00	2	NOUN	αντίσταση
1.00	1	ADJ	πρωτεύοντα
1.00	4	NOUN	στόχο
1.00	4	NOUN	πόλεμο
1.00	1	NOUN	άξονα
1.00	1	ADJ	δευτερεύοντα
1.00	1	VERB	ελέγξει
1.00	1	ADJ	μεταπολεμικές
1.00	1	ADJ	Σημαντικό
1.00	1	ADJ	επιβαρυντικό
1.00	3	NOUN	στοιχείο
1.00	1	NOUN	απουσία
1.00	1	ADV	δημοκρατικά
1.00	1	VERB	νομιμοποιημένης
1.00	1	NOUN	αρχής
1.00	1	VERB	διηύθυνε
1.00	1	ADJ	αντιστασιακό
1.00	1	NOUN	ονόματος
1.00	3	ADJ	ελληνικού
1.00	2	NOUN	λαού
1.00	3	ADJ	εξόριστη
1.00	1	PROPN	Κάιρο
1.00	4	ADV	ποτέ
1.00	1	NOUN	κρίση
1.00	1	VERB	προηγηθεί
1.00	1	NOUN	δικτατορία
1.00	1	PROPN	Μεταξά
1.00	1	VERB	προέλθει
1.00	1	ADJ	ανώμαλες
1.00	1	ADV	Ουσιαστικά
1.00	1	ADJ	Ελληνικός
1.00	2	VERB	δει
1.00	1	NOUN	κάλπη
1.00	1	ADJ	προηγούμενη
1.00	2	NOUN	δεκαετία
1.00	1	VERB	συντηρείτο
1.00	1	PROPN	Βρετανούς
1.00	1	ADJ	νομιμοποιητική
1.00	1	NOUN	επέμβασης
1.00	2	PROPN	Ελλάδος
1.00	1	VERB	διεξήγαν
1.00	2	ADJ	διαφορετικές
1.00	3	NOUN	οργανώσεις
1.00	1	ADJ	αντίθετο
1.00	3	ADJ	πολιτικό
1.00	1	NOUN	προσανατολισμό
1.00	2	ADJ	μεγαλύτερη
1.00	1	ADJ	αντιστασιακή
1.00	1	ADJ	στρατιωτικό
1.00	1	NOUN	παρακλάδι
1.00	1	VERB	ιδρυθεί
1.00	5	NOUN	πρωτοβουλία
1.00	1	NOUN	ακμή
1.00	1	NOUN	γραμμές
1.00	1	NOUN	πλειοψηφία
1.00	1	ADJ	κομμουνιστικά
1.00	1	VERB	Υπήρχαν
1.00	1	NOUN	επικεφαλής
1.00	1	PROPN	Ναπολέοντα
1.00	1	PROPN	Ζέρβα
1.00	1	VERB	συσπείρωνε
1.00	1	NOUN	πλήθος
1.00	1	NOUN	αξιωματικών
1.00	1	ADJ	προπολεμικού
1.00	1	NOUN	στρατού
1.00	1	ADJ	σοσιαλδημοκρατική
1.00	2	NOUN	ΕΚΚΑ
1.00	1	NOUN	υπηρεσία
1.00	1	VERB	πολεμούσαν
1.00	1	NOUN	1943
1.00	5	NOUN	έτος
1.00	1	VERB	ιδρύθηκαν
1.00	2	NOUN	Τάγματα
1.00	3	NOUN	πόλεμος
1.00	3	VERB	άρχισε
1.00	1	VERB	γέρνει
1.00	1	ADP	υπερ
1.00	1	NOUN	συμμάχων
1.00	1	ADJ	αντιστασιακές
1.00	1	VERB	επεδίωξαν
1.00	1	ADV	πέρα
1.00	1	VERB	επηρεάσουν
1.00	5	NOUN	μέλλον
1.00	1	NOUN	παραλληλισμό
1.00	1	NOUN	ανταγωνισμούς
1.00	1	ADJ	νικητριών
1.00	3	NOUN	δυνάμεων
1.00	2	VERB	αρχίσει
1.00	2	VERB	αναπτύσσονται
1.00	1	VERB	συμπληρωμένο
1.00	1	ADJ	βαθμιαίο
1.00	1	NOUN	πέρασμα
1.00	1	NOUN	ταγμάτων
1.00	2	NOUN	ασφαλείας
1.00	1	ADJ	λοιπών
1.00	1	ADJ	δοσιλογικών
1.00	2	NOUN	πλευρό
1.00	2	NOUN	δεξιάς
1.00	1	VERB	διαμόρφωσε
1.00	1	NOUN	στρατόπεδα
1.00	1	NOUN	1943-44
1.00	1	VERB	συγκρούστηκε
0.25	1	NOUN	μέσω
0.75	3	ADP	μέσω
1.00	2	ADJ	γερμανικής
1.00	1	VERB	Ακολούθησαν
1.00	1	NOUN	Δεκέμβριο_του_1944
1.00	1	PROPN	Δεκεμβριανά
1.00	1	NOUN	αντάρτες
1.00	1	AUX	ήσαν
1.00	1	ADJ	πιστές
1.00	3	ADV	μόλις
1.00	1	VERB	επαναπατρισμένη
1.00	2	NOUN	ηγεσία
1.00	1	NOUN	υποστήριξη
1.00	1	ADJ	βρετανικών
1.00	1	NOUN	τμημάτων
1.00	1	ADJ	κυβερνητικών
1.00	1	VERB	πολέμησαν
1.00	1	NOUN	Οργάνωσης
1.00	1	NOUN	χίτες
1.00	1	ADJ	παραστρατιωτικές
1.00	1	ADP	Μετα
1.00	2	NOUN	συνθηκολόγηση
1.00	1	PROPN	Βάρκιζας
1.00	1	VERB	επακολούθησε
1.00	2	NOUN	περίοδος
1.00	1	VERB	βρήκαν
1.00	1	VERB	προβούν
1.00	1	NOUN	πράξεις
1.00	1	NOUN	αντεκδίκησης
1.00	1	NOUN	οπαδών
1.00	1	NOUN	ΕΑΜ-ΚΚΕ
1.00	1	ADJ	λευκής
1.00	1	NOUN	πόλωση
1.00	1	VERB	επισημοποιήθηκε
1.00	1	ADJ	βεβιασμένη
1.00	1	NOUN	προσπάθεια
1.00	1	NOUN	επαναφοράς
1.00	1	NOUN	Βασιλείας
1.00	1	VERB	συμμετάσχει
1.00	4	NOUN	εκλογές
1.00	2	NOUN	1946
1.00	3	ADJ	Ταχυδρομική
1.00	3	NOUN	Υπηρεσία
1.00	1	VERB	παλεύει
1.00	1	NOUN	επιβίωση
1.00	2	VERB	ανακοίνωσε
1.00	1	VERB	σταματήσει
1.00	2	NOUN	διανομή
1.00	2	NOUN	αλληλογραφίας
1.00	1	NOUN	Σάββατο
1.00	3	NOUN	πλαίσια
1.00	2	NOUN	σχεδίου
1.00	1	NOUN	εξοικονόμηση
1.00	1	NUM	2
1.00	1	NOUN	δισεκατομμυρίων
1.00	1	NOUN	δολαρίων
1.00	2	ADV	ετησίως
1.00	5	PART	Θα
1.00	1	VERB	συνεχίσει
1.00	1	NOUN	δεμάτων
1.00	2	NUM	6
1.00	1	NOUN	ταχυδρομείων
1.00	1	VERB	σημειώσει
1.00	1	ADJ	κάθετη
1.00	5	NOUN	πτώση
1.00	5	NOUN	χρήσης
1.00	1	ADJ	ηλεκτρονικών
1.00	1	NOUN	μηνυμάτων
1.00	1	NOUN	διαδικτύου
1.00	1	NOUN	επικοινωνία
0.50	1	ADV	Πέρσι
0.50	1	X	Πέρσι
1.00	1	NOUN	κέρδη
1.00	1	ADJ	Ταχυδρομικής
1.00	1	NOUN	Υπηρεσίας
1.00	1	VERB	μειώθηκαν
1.00	5	NUM	16
1.00	1	NOUN	δισεκατομμύρια
1.00	2	NOUN	δολάρια
1.00	1	ADJ	προβλεπόμενες
1.00	1	NOUN	περικοπές
1.00	1	NOUN	συχνότητα
1.00	1	NOUN	διανομής
1.00	1	VERB	χρειαστούν
1.00	1	NOUN	έγκριση
1.00	1	NOUN	Κογκρέσου
1.00	1	VERB	χρηματοδοτείται
1.00	1	PROPN	Αμερικανό
1.00	1	NOUN	φορολογούμενο
1.00	1	NOUN	πώληση
1.00	1	NOUN	γραμματοσήμων
1.00	1	NOUN	προϊόντων
1.00	1	NOUN	υπηρεσιών
1.00	7	PROPN	Φιλίππων
0.50	1	ADJ	Φίλιπποι
0.50	1	PROPN	Φίλιπποι
1.00	3	ADJ	Ανατολικής
1.00	1	PROPN	Μακεδονίας
1.00	4	NOUN	ιστορία
1.00	2	NUM	17
1.00	1	VERB	Υπήρξε
1.00	2	ADJ	σπουδαίο
1.00	1	ADJ	εύφορης
1.00	3	NOUN	γης
1.00	1	NOUN	χρυσού
1.00	3	NOUN	οικισμού
1.00	2	VERB	αρχίζει
1.00	1	NUM	360/359
1.00	3	NOUN	π.Χ.
1.00	1	NOUN	άποικοι
1.00	2	PROPN	Θάσο
1.00	1	VERB	ίδρυσαν
1.00	2	PROPN	Κρηνίδες
1.00	1	NOUN	356
1.00	2	ADV	κάτω
1.00	1	NOUN	απειλή
1.00	1	PROPN	Θρακών
1.00	2	NOUN	κάτοικοι
1.00	1	VERB	ζητούν
1.00	2	PROPN	Φιλίππου
1.00	2	NUM	Β΄
1.00	1	VERB	διαβλέποντας
1.00	1	ADJ	οικονομική
1.00	2	NOUN	σημασία
1.00	4	NOUN	πόλης
1.00	1	VERB	καταλαμβάνει
1.00	1	VERB	οχυρώνει
1.00	1	VERB	μετονομάζει
1.00	2	PROPN	Φιλίππους
1.00	1	ADJ	Ρωμαϊκή
1.00	1	NOUN	αυτοκρατορία
1.00	1	VERB	απέκτησε
1.00	2	ADJ	ιδιαίτερη
1.00	1	ADJ	εμπορική
1.00	1	PROPN	Εγνατίας
1.00	1	NOUN	Οδού
1.00	1	VERB	συνέδεε
1.00	1	PROPN	Δυρράχιο
1.00	1	PROPN	Βυζάντιο
1.00	1	VERB	κηρύχτηκε
1.00	1	ADJ	Χριστιανικός
1.00	1	NOUN	λόγος
1.00	1	NOUN	Απόστολο
1.00	1	PROPN	Παύλο
1.00	1	VERB	ανέδειξε
1.00	1	NOUN	μητρόπολη
1.00	1	NOUN	Χριστιανισμού
1.00	1	ADJ	Βυζαντινούς
1.00	2	NOUN	χρόνους
1.00	2	NOUN	τείχη
1.00	1	VERB	ανοικοδομήθηκαν
1.00	1	VERB	χτίστηκαν
1.00	1	NOUN	πύργοι
1.00	1	NOUN	τείχος
1.00	1	NOUN	ακρόπολης
1.00	1	ADJ	ανασκαφική
1.00	1	NOUN	έρευνα
1.00	1	NOUN	1914
1.00	1	ADJ	Γαλλική
1.00	1	ADJ	Αρχαιολογική
1.00	1	NOUN	Σχολή
1.00	2	ADV	Σήμερα
1.00	1	NOUN	καπνοχώρι
1.00	1	ADJ	αρχαιολογικός
1.00	5	ADP	Σε
1.00	2	PRON	αυτόν
1.00	2	NOUN	μνημεία
1.00	1	VERB	σώζεται
1.00	4	ADJ	αρχαίο
1.00	2	NOUN	θέατρο
1.00	1	NUM	8.000
1.00	1	NOUN	θέσεων
1.00	1	NOUN	κτίσμα
1.00	1	NOUN	βασιλιά
1.00	1	NUM	4ου
1.00	1	VERB	αναστηλωθεί
1.00	1	NOUN	καλοκαίρι
1.00	1	NOUN	παραστάσεις
1.00	1	X	Φεστιβάλ
1.00	3	PROPN	Θάσου
1.00	5	NOUN	επισκέπτης
1.00	1	VERB	συναντήσει
1.00	1	ADJ	ρωμαϊκά
1.00	3	NOUN	ερείπια
1.00	1	ADJ	περίφημες
1.00	1	ADJ	παλιοχριστιανικές
1.00	1	NOUN	Βασιλικές
1.00	1	ADJ	Βυζαντινό
1.00	1	NOUN	Οκτάγωνο
1.00	2	ADJ	ρωμαϊκή
1.00	2	NOUN	αγορά
1.00	1	NOUN	λουτρά
1.00	1	NOUN	παλαίστρα
1.00	1	NOUN	φυλακή
1.00	1	NOUN	Αποστόλου
1.00	1	PROPN	Παύλου
1.00	1	NOUN	βαπτιστήριο
1.00	1	PROPN	Λυδίας
1.00	1	NUM	πρώτης
1.00	1	PROPN	Ευρωπαίας
1.00	1	NOUN	Χριστιανής
1.00	1	NOUN	υπολείμματα
1.00	1	ADJ	ρωμαϊκών
1.00	1	ADJ	βυζαντινών
1.00	1	NOUN	τειχών
1.00	2	ADJ	Αρχαιολογικό
1.00	2	NOUN	Μουσείο
1.00	1	NOUN	1961
1.00	3	VERB	εκτίθενται
1.00	2	NOUN	ευρήματα
1.00	1	ADJ	προϊστορικό
1.00	1	X	Ντικιλί
1.00	1	X	Τας
1.00	1	ADJ	ελληνιστική
1.00	1	ADJ	παλιοχριστιανική
1.00	4	X	Σπόρτινγκ
1.00	3	PROPN	Λισαβόνας
1.00	5	VERB	νίκησε
1.00	3	X	Μάντσεστερ
1.00	3	X	Σίτι
1.00	8	X	σκορ
1.00	2	NUM	1:0
1.00	2	NOUN	2012-03-09
1.00	2	NOUN	φάσης
1.00	2	X	Γιουρόπα
1.00	4	X	Λιγκ
1.00	3	NUM	2011-2012
1.00	2	ADJ	μοναδικό
1.00	2	X	γκολ
1.00	3	VERB	πέτυχε
1.00	2	X	Ξαντάο
1.00	1	NUM	51ο
1.00	3	NOUN	λεπτό
1.00	1	NOUN	τερματοφύλακας
1.00	1	X	Τζο
1.00	1	X	Χάρτ
1.00	1	VERB	απέκρουσε
1.00	2	NOUN	εκτέλεση
1.00	1	X	φάουλ
1.00	1	PROPN	Βραζιλιάνος
1.00	2	VERB	κατάφερε
1.00	1	VERB	σπρώξει
1.00	1	NOUN	μπάλα
1.00	1	NOUN	δίκτυα
1.00	2	VERB	ξανασυναντηθούν
1.00	1	X	Έτιχαντ
1.00	2	NUM	15
1.00	2	NOUN	Μαρτίου
1.00	2	NOUN	ισοπαλία
1.00	5	NOUN	νίκη
1.00	2	VERB	προκριθεί
1.00	2	NUM	8
1.00	2	NOUN	διοργάνωσης
1.00	2	NOUN	διαφορά
1.00	2	NOUN	τερμάτων
1.00	5	PROPN	Κούβα
1.00	2	NOUN	επανάσταση
1.00	2	X	Φιδέλ
1.00	3	VERB	έγινε
1.00	1	NOUN	πρωθυπουργός
1.00	1	PROPN	Κούβας
1.00	1	NOUN	Φεβρουάριο_του_1959
1.00	1	VERB	κράτησε
1.00	3	NOUN	εξουσία
1.00	1	VERB	παρέδωσε
1.00	2	NOUN	αδελφό
1.00	2	X	Ραούλ
1.00	1	NOUN	Ιούλιο_του_2006
1.00	3	NOUN	2007
1.00	1	ADJ	μακροβιότερος
1.00	1	ADJ	ζων
1.00	2	NOUN	ηγέτης
1.00	1	ADV	Αρχικά
1.00	1	ADJ	συνταγματικός
1.00	1	ADJ	φιλελεύθερος
1.00	2	ADJ	εθνικιστής
1.00	1	ADJ	ριζοσπάστης
1.00	1	VERB	καλωσορίστηκε
1.00	4	ADV	τόσο
1.00	4	ADV	όσο
1.00	2	ADV	παρόλο
1.00	1	ADJ	συνοπτική
1.00	1	NUM	500
1.00	1	VERB	κατηγορήθηκαν
1.00	1	NOUN	πράκτορες
1.00	2	X	Μπατίστα
1.00	2	ADV	άμεσα
1.00	1	NOUN	ανησυχία
1.00	2	NOUN	1959
1.00	2	VERB	πήρε
1.00	1	ADJ	δημοφιλή
1.00	1	NOUN	ανακατονομή
1.00	2	NOUN	κρατικοποίηση
1.00	1	NOUN	οργανισμών
1.00	1	ADJ	κοινής
1.00	1	NOUN	ωφελείας
1.00	1	ADJ	αδίστακτος
1.00	1	NOUN	διαφθοράς
1.00	1	NOUN	κλεισίματος
1.00	1	NOUN	βιομηχανίας
1.00	1	NOUN	τζόγου
1.00	1	NOUN	εκδίωξης
1.00	1	PROPN	Αμερικανών
1.00	1	NOUN	μαφιόζων
1.00	1	PRON	όσους
1.00	3	ADV	εκτός
1.00	1	VERB	παρέμενε
1.00	1	ADJ	άγνωστη
1.00	2	NOUN	επιρροή
1.00	1	VERB	ασκούσε
1.00	1	X	Ερνέστο
1.00	2	X	Τσε
0.75	3	X	Γκεβάρα
0.25	1	ADV	Γκεβάρα
1.00	1	NOUN	Αργεντινός
1.00	1	ADJ	μαρξιστής
1.00	1	ADJ	στενότερους
1.00	1	NOUN	συμβούλους
1.00	1	VERB	συνασπίστηκε
1.00	1	VERB	έπεισαν
1.00	1	VERB	συμμαχήσει
0.75	3	NOUN	κομουνιστές
0.25	1	ADJ	κομουνιστές
1.00	1	NOUN	συνέπεια
1.00	5	ADJ	Σοβιετική
1.00	1	VERB	έπαιξε
1.00	1	ADJ	καταλυτικό
1.00	2	NOUN	ρόλο
1.00	1	VERB	πείσει
1.00	1	PROPN	Κουβανό
1.00	1	ADJ	κομουνιστή
1.00	1	NOUN	ηγέτη
1.00	1	X	Μπλας
1.00	2	X	Ρόκα
1.00	1	X	Καλδέριο
1.00	1	VERB	εγκαταλείψει
1.00	1	NOUN	εχθρότητά
1.00	1	VERB	προσπαθήσει
1.00	1	VERB	αποκτήσει
1.00	1	ADJ	επαναστατικής
1.00	4	ADP	εκ
1.00	1	ADV	έσω
1.00	1	VERB	πείστηκε
1.00	1	VERB	πληροφόρησε
1.00	1	NOUN	συμμαχίας
1.00	1	PROPN	Σοβιετικοί
1.00	1	VERB	άρπαξαν
1.00	1	ADV	αμέσως
1.00	1	VERB	αποκτήσουν
1.00	1	ADJ	πολιτκή
1.00	5	NOUN	ισχύ
1.00	3	NOUN	ήπειρο
1.00	1	VERB	υποσχέθηκαν
1.00	1	ADJ	απεριόριστη
1.00	3	NOUN	στήριξη
1.00	1	VERB	ασπαζόταν
1.00	1	NOUN	κομουνισμό
1.00	1	ADP	Εν
1.00	1	DET	τω
1.00	2	ADP	έναντι
1.00	1	ADJ	κουβανική
1.00	1	VERB	άλλαξε
1.00	1	ADV	ριζικά
1.00	1	CCONJ	Ενώ
1.00	1	X	Αϊζενχάουερ
0.50	1	ADV	αρχικά
0.50	1	ADJ	αρχικά
1.00	1	VERB	καλωσόρισε
1.00	1	NOUN	εταιρειών
1.00	1	VERB	ανήκαν
1.00	1	ADJ	βορειοαμερικανούς
1.00	1	VERB	εκτιμημένη
1.00	1	NOUN	αξία
1.00	2	NUM	1
1.00	1	NOUN	δισ.
1.00	1	NOUN	εκδίωξη
1.00	1	ADJ	πολλών
1.00	1	ADJ	συντηρητικών
1.00	1	ADJ	ισχυρούς
1.00	1	NOUN	φίλους
1.00	1	VERB	δημιούργησαν
1.00	1	NOUN	εχθρότητα
1.00	1	PROPN	Κουβανοί
1.00	1	ADJ	εξόριστοι
1.00	2	VERB	έγιναν
1.00	1	ADJ	ισχυρή
1.00	1	NOUN	ομάδα
1.00	1	NOUN	λόμπι
1.00	2	VERB	διατηρούν
1.00	1	ADV	Παρόλο
1.00	2	ADJ	ίδιος
1.00	2	VERB	θεωρήθηκε
1.00	2	ADJ	κομουνιστής
1.00	1	ADJ	ενήμερες
1.00	1	NOUN	αναθέρμανση
1.00	1	NOUN	σχέσεων
1.00	1	PROPN	Κουβανούς
1.00	1	ADV	Έτσι
1.00	4	ADV	πολύ
1.00	1	ADJ	εχθρικές
1.00	2	VERB	ώθησε
1.00	1	VERB	απομακρυνθεί
1.00	3	PRON	οποιαδήποτε
1.00	2	ADJ	φιλελεύθερα
1.00	1	VERB	υπήρχαν
1.00	1	ADJ	επαναστατικό
1.00	1	NOUN	κίνημα
1.00	1	VERB	στραφεί
1.00	2	DET	Τον
1.00	1	NOUN	Οκτώβριο_του_1959
1.00	1	VERB	επρόσκειτο
1.00	1	ADV	φιλικά
1.00	1	ADJ	αντι-κομουνιστικά
1.00	2	VERB	διώχθηκαν
1.00	1	ADJ	αρχικούς
1.00	1	VERB	φεύγουν
1.00	1	VERB	ενώνονται
1.00	1	X	Μαϊάμι
1.00	1	NOUN	Μάρτιο_του_1960
1.00	3	NUM	πρώτες
1.00	1	NOUN	συμφωνίες
1.00	1	NOUN	βοήθειας
1.00	1	VERB	υπογράφηκαν
1.00	1	NOUN	φόντο
1.00	1	ADJ	Ψυχρό
1.00	1	NOUN	Πόλεμο
1.00	1	VERB	θεώρησαν
1.00	1	ADJ	ανεπίτρεπτη
1.00	1	NOUN	Σοβιετικών
1.00	1	VERB	εγκρίθηκαν
1.00	2	NOUN	σχέδια
1.00	2	NOUN	απομάκρυνση
1.00	5	NOUN	τέλη
1.00	1	NOUN	1960
1.00	1	VERB	επιβλήθηκε
1.00	1	ADJ	εμπορικό
1.00	1	X	εμπάργκο
1.00	1	PRON	κάτι
1.00	1	NOUN	συμμαχία
1.00	1	VERB	εξουσιοδότησε
1.00	1	NOUN	εισβολή
1.00	1	ADJ	εξόριστους
1.00	1	X	Φλόριντα
1.00	1	ADJ	ταυτόχρονο
1.00	1	NOUN	ξεσηκωμό
1.00	1	NOUN	Εισβολή
1.00	1	NOUN	Κόλπο
1.00	1	NOUN	Χοίρων
1.00	1	NOUN	Απρίλιο_του_1961
1.00	1	NOUN	εξέγερση
1.00	1	NOUN	εισβολείς
1.00	1	VERB	έκανε
1.00	1	VERB	ανακηρύξει
1.00	1	NOUN	Μάιο_του_1961
1.00	1	ADJ	σοσιαλιστική
1.00	2	NOUN	δημοκρατία
1.00	1	NOUN	εαυτό
1.00	1	ADJ	Μαρξιστή-Λενινιστή
1.00	1	ADJ	Αίσιο
1.00	2	NOUN	ομηρία
1.00	1	NOUN	εργοστασίου
1.00	3	PROPN	Κομοτηνή
1.00	1	NOUN	2012-03-02
1.00	1	NUM	01:00
1.00	1	VERB	παραδόθηκε
1.00	1	NOUN	άνδρας
1.00	1	NUM	52
1.00	1	VERB	κρατούσε
1.00	2	NOUN	ομήρους
1.00	1	NOUN	εργάτες
1.00	2	NOUN	εταιρείας
1.00	1	NOUN	κατασκευής
1.00	1	NOUN	κάδων
1.00	3	NUM	Δύο
1.00	4	ADP	απ'
1.00	1	VERB	έπαθαν
1.00	1	NOUN	μεγαλομέτοχος
1.00	1	PROPN	Βούλγαρος
1.00	1	NOUN	εργάτης
1.00	1	VERB	οπλισμένο
1.00	1	NOUN	άνδρα
1.00	1	NOUN	εργατών
1.00	2	VERB	έληξε
1.00	2	NOUN	διαπραγματεύσεις
1.00	2	NOUN	δράστης
1.00	1	VERB	απαίτησε
1.00	1	NOUN	καταβολή
1.00	1	ADJ	δεδουλευμένων
1.00	1	NOUN	ύψους
1.00	1	NUM	31.000
1.00	5	NOUN	ευρώ
1.00	1	NOUN	επαναπρόσληψή
1.00	3	NOUN	εταιρεία
1.00	1	X	HELESI
1.00	2	VERB	απολύθηκε
1.00	1	ADV	πέρσι
1.00	3	NOUN	τραυματίες
1.00	1	NOUN	αστυνομικός
1.00	1	VERB	μεταφέρθηκαν
1.00	1	NOUN	νοσοκομείο
1.00	1	NOUN	κινδύνου
1.00	1	VERB	εργαζόταν
1.00	1	NOUN	υπάλληλος
1.00	1	NOUN	γραφείου
1.00	1	NUM	έντεκα
1.00	1	ADJ	ανάρμοστης
1.00	1	ADJ	παραβατικής
1.00	1	NOUN	συμπεριφοράς
1.00	1	NOUN	χώρο
1.00	2	NOUN	εργασίας
1.00	1	ADJ	καταπράσινο
1.00	1	PROPN	Θάσος
1.00	1	ADJ	βορειότερο
1.00	1	PROPN	Αιγαίου
1.00	1	NUM	18
1.00	1	ADJ	ναυτικά
1.00	1	NOUN	μίλια
1.00	2	VERB	χαρακτηρίζεται
1.00	1	ADJ	θαυμάσια
1.00	2	NOUN	τοπία
1.00	2	ADJ	πλούσια
1.00	1	ADJ	ψηλά
1.00	2	NOUN	βουνά
1.00	1	NOUN	πεύκα
1.00	1	VERB	φτάνουν
1.00	1	NOUN	θάλασσα
1.00	1	NOUN	ελιές
1.00	1	NOUN	φλαμουριές
1.00	1	NOUN	πλατάνια
1.00	1	ADJ	ψηλές
1.00	1	NOUN	βουνοκορυφές
1.00	1	ADJ	εκπληκτικής
1.00	1	PROPN	Κεραμωτή
1.00	2	ADJ	Νέα
1.00	1	PROPN	Πέραμο
1.00	1	VERB	φτάνει
1.00	1	PROPN	Λιμένα
1.00	1	VERB	περιηγηθεί
1.00	1	NOUN	αξιοθέατα
1.00	1	ADJ	γραφικά
1.00	1	NOUN	περίχωρα
1.00	3	VERB	υπάρχουν
1.00	2	VERB	μαρτυρούν
1.00	1	ADJ	αρχαίας
1.00	1	NOUN	ακρόπολη
1.00	1	ADJ	Ιερό
1.00	1	NOUN	Ναός
1.00	1	ADJ	Πυθίου
1.00	3	PROPN	Απόλλωνα
1.00	1	ADJ	Πολλά
1.00	1	NOUN	ανασκαφές
1.00	1	ADJ	αξιόλογα
1.00	1	NOUN	μουσεία
1.00	1	NOUN	επαρχίας
1.00	1	NUM	Ένα
1.00	3	NOUN	μουσείο
1.00	1	PROPN	Ποταμιά
1.00	1	PROPN	Πολύγνωτου
1.00	1	PROPN	Βαγή
1.00	1	ADJ	γλυπτά
1.00	1	ADJ	θάσιου
1.00	1	NOUN	καλλιτέχνη
1.00	1	ADJ	συνολικού
1.00	1	NOUN	μήκους
1.00	1	NUM	115
1.00	1	VERB	οργανωμένες
1.00	1	VERB	φημίζονται
1.00	1	ADJ	πεντακάθαρα
1.00	2	ADJ	μικρά
1.00	2	ADP	επί
1.00	1	ADV	πλείστον
1.00	1	ADJ	χτισμένα
1.00	1	NOUN	βουνοπλαγιές
1.00	2	VERB	αποτελούν
1.00	1	NOUN	έκπληξη
1.00	1	NOUN	επισκέπτη
1.00	1	NOUN	ναοί
1.00	1	VERB	επηρεασμένοι
1.00	1	NOUN	Όρους
1.00	1	NOUN	λιοτρίβια
1.00	1	NOUN	νερόμυλοι
1.00	1	NOUN	βρύσες
1.00	1	ADJ	παραδοσιακό
1.00	1	NOUN	χρώμα
1.00	1	NOUN	σκηνικό
1.00	1	VERB	μαγεύει
1.00	3	X	Μεταλίστ
1.00	2	X	Χάρκιβ
1.00	3	VERB	ηττήθηκε
1.00	2	PROPN	Ολυμπιακό
1.00	2	PROPN	Πειραιώς
1.00	2	NUM	0:1
1.00	1	NOUN	ημίχρονο
1.00	1	PROPN	Ουκρανοί
1.00	1	VERB	πίεσαν
1.00	1	NOUN	άμυνα
1.00	1	PROPN	Ολυμπιακού
1.00	2	NUM	δέκα
1.00	4	NOUN	λεπτά
1.00	1	ADJ	δευτέρου
1.00	2	NOUN	ημιχρόνου
1.00	1	X	Νταβίδ
1.00	1	X	Φούστερ
1.00	1	NUM	Οκτώ
0.40	2	ADP	πριν
0.60	3	ADV	πριν
1.00	2	NOUN	λήξη
1.00	1	ADJ	κανονικής
1.00	1	NOUN	διάρκειας
1.00	1	NOUN	παιχνιδιού
1.00	1	VERB	έμεινε
1.00	1	NUM	10
1.00	1	NOUN	παίκτες
1.00	1	NOUN	αποβολής
1.00	1	X	Έντμαρ
1.00	1	NOUN	Στάδιο
1.00	1	PROPN	Καραϊσκάκης
1.00	1	PROPN	Ολυμπιακός
1.00	1	PROPN	Ουκρανούς
1.00	3	PROPN	Καλαμάς
1.00	3	NOUN	ποταμός
1.00	1	NOUN	μύθος
1.00	1	PROPN	Θεσπρωτία
1.00	1	NOUN	φαράγγι
1.00	1	ADJ	ξεχασμένο
0.50	1	ADJ	ιδανικό
0.50	1	NOUN	ιδανικό
1.00	1	NOUN	προορισμό
1.00	1	NOUN	φυσιολάτρες
1.00	1	NOUN	οπαδούς
1.00	1	ADJ	οικολογικού
1.00	2	NOUN	τουρισμού
1.00	1	VERB	στέκουν
1.00	1	ADJ	πανάρχαιες
1.00	1	NOUN	ακροπόλεις
1.00	1	PROPN	Οσντίνας
1.00	1	PROPN	Ραβενής
1.00	2	NOUN	ποταμού
1.00	1	VERB	έδιναν
1.00	1	VERB	δίνουν
1.00	2	NOUN	πόλεις
1.00	1	ADJ	γειτονικά
1.00	5	ADP	Στις
1.00	1	NOUN	όχθες
1.00	1	VERB	συναντά
1.00	1	VERB	γκρεμισμένα
1.00	1	ADJ	μονότοξα
1.00	1	ADJ	πολύτοξα
1.00	1	NOUN	γεφύρια
1.00	1	NOUN	ίχνη
1.00	1	ADJ	αρχαίων
1.00	3	NOUN	πόλεων
1.00	1	NOUN	ακροπόλεων
1.00	1	VERB	πηγάζει
1.00	1	ADJ	ηπειρωτικά
1.00	1	VERB	Εκβάλλει
1.00	1	NOUN	βουνού
1.00	1	PROPN	Στουπίτσας
1.00	1	PROPN	Μαυρονόρος
1.00	1	ADV	νότια
1.00	1	NOUN	λόφου
1.00	1	PROPN	Μαστιλίτσας
1.00	1	NOUN	εκβολών
1.00	1	NOUN	Ιόνιο
1.00	1	VERB	δημιουργείται
1.00	1	NOUN	δέλτα
1.00	1	PRON	κανείς
1.00	1	VERB	φτάσει
1.00	2	PROPN	Ηγουμενίτσα
1.00	1	NOUN	καΐκι
1.00	2	PROPN	Σαγιάδα
1.00	1	PROPN	Ράγιο
1.00	1	ADJ	σημαντικότερους
1.00	1	NOUN	υγροβιότοπους
1.00	1	VERB	βρίσκουν
1.00	1	ADJ	σπάνια
1.00	1	NOUN	είδη
1.00	1	NOUN	πουλιών
1.00	1	NOUN	λουλουδιών
1.00	1	VERB	προσφέρεται
1.00	1	NOUN	δραστηριότητες
1.00	1	ADJ	εναλλακτικού
1.00	3	VERB	κάνει
1.00	1	NOUN	καγιάκ
1.00	1	NOUN	ράφτινγκ
1.00	1	ADV	γύρω
1.00	1	ADJ	ιδανική
1.00	1	ADJ	περιηγητικούς
1.00	1	NOUN	περιπάτους
1.00	1	NOUN	Πλοίο
1.00	1	VERB	προσέκρουσε
1.00	1	NOUN	προβλήτα
1.00	1	PROPN	Υόρκη
1.00	1	ADJ	Περισσότερα
1.00	2	NUM	50
1.00	1	VERB	τραυματίσθηκαν
1.00	1	X	ferry
1.00	1	X	boat
1.00	1	VERB	χτύπησε
1.00	1	NOUN	αποβάθρα
1.00	2	ADJ	Νέας
1.00	2	PROPN	Υόρκης
1.00	1	VERB	νοσηλεύονται
1.00	1	ADJ	κρίσιμη
1.00	3	NOUN	κατάσταση
1.00	1	NOUN	περιστατικό
1.00	1	VERB	σημειώθηκε
1.00	1	NOUN	Τετάρτης
1.00	1	NOUN	αιχμής
1.00	3	NOUN	εκατομμύρια
1.00	1	ADP	καθ'
1.00	1	NOUN	οδόν
1.00	1	NOUN	δουλειές
1.00	1	NOUN	Εικόνες
1.00	1	NOUN	πρόσκρουσης
1.00	2	VERB	δείχνουν
1.00	1	VERB	μεταφέρονται
1.00	1	ADJ	σωστικών
1.00	1	NOUN	συνεργείων
1.00	1	NOUN	φορεία
1.00	1	ADJ	καλυμμένοι
1.00	1	NOUN	κουβέρτες
1.00	1	NOUN	πλώρη
1.00	1	NOUN	πλοίου
1.00	1	ADJ	εμφανή
1.00	1	NOUN	σημάδια
1.00	1	NOUN	πρόσκρουση
1.00	1	NOUN	1806
1.00	1	PROPN	Ναπολέων
1.00	1	PROPN	Βοναπάρτης
1.00	1	VERB	αναγκάζει
1.00	1	NOUN	αυτοκράτορα
1.00	2	ADJ	Αγίας
1.00	1	ADJ	Ρωμαϊκής
1.00	1	NOUN	Αυτοκρατορίας
1.00	1	PROPN	Φραγκίσκο
1.00	1	VERB	παραιτηθεί
0.50	1	ADP	Κατόπιν
0.50	1	ADV	Κατόπιν
1.00	1	VERB	ενώνει
1.00	2	ADJ	πολλά
1.00	3	ADJ	γερμανικά
1.00	1	NOUN	βασίλεια
1.00	2	VERB	ενσωματώνει
1.00	1	ADJ	ανεξάρτητες
1.00	1	ADV	άλλοτε
1.00	1	ADJ	περισσότερες
1.00	2	NUM	80
1.00	1	NOUN	Κογκρέσο
1.00	1	PROPN	Βιέννης
1.00	1	VERB	συνεχίζει
1.00	1	NOUN	ένωσης
1.00	1	ADJ	τελικό
1.00	3	NOUN	αποτέλεσμα
1.00	1	NOUN	ίδρυση
1.00	2	ADJ	Γερμανικής
1.00	1	NOUN	Ομοσπονδίας
1.00	1	VERB	αποτελείται
1.00	1	NUM	38
1.00	1	ADJ	ισχυρότερη
1.00	3	NOUN	δύναμη
1.00	2	ADV	εντός
1.00	1	ADJ	χαλαρής
1.00	1	NOUN	ομοσπονδίας
1.00	5	PROPN	Αυστρία
1.00	1	ADJ	συνεχείς
1.00	1	PROPN	Αυστρίας
1.00	1	NOUN	δύναμης
1.00	2	PROPN	Πρωσίας
1.00	1	VERB	οδηγούν
1.00	1	ADJ	Γερμανο-αυστριακό
1.00	1	NOUN	1866
1.00	1	SCONJ	Αφού
1.00	2	PROPN	Πρωσία
1.00	1	VERB	νικά
1.00	2	ADJ	Γερμανική
1.00	3	NOUN	Ομοσπονδία
1.00	1	VERB	διαλύεται
1.00	1	ADJ	Γάλλο-Πρωσικό
1.00	1	NOUN	1871/72
1.00	3	VERB	ιδρύεται
1.00	1	NOUN	Βορρά
1.00	1	ADP	δίχως
1.00	1	NUM	Α'
1.00	2	ADJ	Παγκοσμίου
1.00	2	ADJ	γερμανική
1.00	1	NOUN	μοναρχία
1.00	1	VERB	βρίσκει
1.00	1	PROPN	Γουλιέλμος
1.00	1	VERB	παραιτείται
1.00	3	X	Ράιχ
1.00	1	VERB	μετατρέπεται
1.00	1	ADJ	κοινοβουλευτική
1.00	3	NOUN	συνθήκη
1.00	1	PROPN	Βερσαλλιών
1.00	1	PROPN	Γερμανοί
1.00	2	VERB	χάνουν
1.00	2	ADJ	μεγάλες
1.00	2	NOUN	εκτάσεις
1.00	1	NUM	11%
1.00	4	PROPN	Γαλλία
1.00	2	PROPN	Βέλγιο
1.00	1	PROPN	Τσεχοσλοβακία
1.00	2	PROPN	Δανία
1.00	1	PROPN	Λιθουανία
1.00	2	PROPN	Πολωνία
1.00	2	ADJ	όλες
1.00	1	NOUN	αποικίες
1.00	1	VERB	υποχρεώνονται
1.00	1	VERB	πληρώνουν
1.00	1	ADV	αρκετά
1.00	1	ADJ	ετήσιο
1.00	1	NOUN	ποσό
1.00	1	NOUN	επανορθώσεων
1.00	2	ADJ	νικητήριες
1.00	7	PROPN	Γερμανία
1.00	1	NOUN	μορφής
1.00	1	NUM	Τρίτου
1.00	1	VERB	ακολουθεί
1.00	1	NOUN	1933
1.00	1	ADJ	αυστηρή
1.00	1	ADJ	επεκτατική
1.00	1	NOUN	1938
1.00	8	PROPN	Γερμανίας
1.00	1	PROPN	Αδόλφος
1.00	2	X	Χίτλερ
1.00	1	NOUN	πατρίδα
1.00	1	VERB	εξασφαλίζει
1.00	1	PROPN	Μονάχου
1.00	1	NOUN	προσάρτηση
1.00	1	PROPN	Σουδητίας
1.00	1	ADJ	Γερμανόφωνων
1.00	1	PROPN	Τσεχοσλοβακίας
1.00	1	PROPN	Πολωνίας
1.00	1	NOUN	1_Σεπτεμβρίου_1939
1.00	1	VERB	λήγει
1.00	1	NOUN	8_Μαΐου_1945
1.00	1	ADP	άνευ
1.00	1	NOUN	όρων
1.00	1	ADV	Πριν
1.00	1	NOUN	30_Απριλίου
1.00	1	VERB	αυτοκτονεί
1.00	1	NOUN	επιζώντες
1.00	1	ADV	πολιτικά
1.00	1	ADJ	υπεύθυνοι
1.00	1	VERB	καταδικάζονται
1.00	1	NOUN	Δίκη
1.00	1	PROPN	Νυρεμβέργης
1.00	2	ADJ	Ηνωμένο
0.50	1	NOUN	Βασίλειο
0.50	1	PROPN	Βασίλειο
1.00	1	ADJ	κατοπινή
1.00	1	ADJ	κατοχική
1.00	1	VERB	ιδρύουν
1.00	1	ADJ	κατεχόμενες
1.00	1	ADJ	δημοκρατικό
1.00	1	ADJ	σταλινική
1.00	1	VERB	ιδρύει
1.00	1	ADJ	σοσιαλιστικό
1.00	1	VERB	χάνει
1.00	1	ADJ	μεγάλα
1.00	1	NOUN	επικράτειάς
1.00	1	VERB	αποδίδονται
1.00	1	ADJ	βόρειο
1.00	1	VERB	ενσωματώνεται
1.00	1	NOUN	23_Μαΐου_1949
1.00	1	VERB	ψηφίζεται
1.00	1	NOUN	σύνταγμα
1.00	2	ADJ	Ομοσπονδιακής
1.00	3	NUM	τρεις
1.00	1	ADJ	δυτικών
1.00	1	ADJ	Λαϊκή
1.00	1	NOUN	Δημοκρατία
1.00	1	NOUN	7_Οκτωβρίου_1949
1.00	1	ADJ	σοβιετική
1.00	1	NOUN	ζώνη
1.00	1	ADJ	Μεγάλες
1.00	2	NOUN	ανατολής
1.00	1	ADJ	Γερμανικού
1.00	1	VERB	παραχωρούνται
1.00	1	ADJ	γειτονικές
1.00	1	ADJ	κατοπινός
1.00	1	ADJ	ψυχρός
1.00	1	NOUN	δύσεως
1.00	1	VERB	χωρίζει
1.00	3	ADJ	κεντρική
1.00	8	PROPN	Ευρώπη
1.00	1	VERB	συμπεριλαμβάνοντας
1.00	2	ADJ	λεγόμενο
1.00	1	ADJ	σιδηρούν
1.00	1	NOUN	παραπέτασμα
1.00	1	NOUN	βλ.
1.00	1	NOUN	Τείχος
1.00	1	PROPN	Βερολίνου
1.00	2	NOUN	'80
1.00	1	NOUN	αλλαγή
1.00	1	NOUN	ηγεσίας
1.00	1	NOUN	Ενώσεως
1.00	1	VERB	οδηγεί
1.00	1	NOUN	σύγκλισης
1.00	1	ADJ	ειρηνικές
1.00	1	NOUN	επαναστάσεις
1.00	1	ADJ	κομμουνιστικού
1.00	1	NOUN	Συμφώνου
1.00	1	PROPN	Βαρσοβίας
1.00	1	ADJ	σιδηρού
1.00	1	NOUN	παραπετάσματος
1.00	1	VERB	ανοίγουν
1.00	1	NOUN	σύνορα
1.00	1	ADJ	δυτικής
1.00	1	NOUN	3_Οκτωβρίου_1990
1.00	1	NOUN	προσχώρηση
1.00	1	ADJ	δυτικό
1.00	1	VERB	εγκαταλείπουν
1.00	2	VERB	σημαίνει
1.00	1	NOUN	επαναφορά
1.00	1	NOUN	ανεξαρτησίας
1.00	1	ADJ	παγκόσμιο
1.00	1	NOUN	κλίμα
1.00	1	ADJ	ώριμο
1.00	1	ADJ	ενδεχόμενη
1.00	1	NOUN	ενοποίηση
1.00	2	PROPN	Ευρώπης
1.00	1	NOUN	ενότητα
1.00	1	ADJ	μοναδική
1.00	1	NOUN	διαφυγή
1.00	1	ADJ	ακραίες
1.00	1	NOUN	μορφές
1.00	1	NOUN	εθνικισμού
1.00	1	VERB	καταστρέψει
1.00	1	NOUN	9_Μαΐου_1950
1.00	1	PROPN	Γάλλος
1.00	1	NOUN	υπουργός
1.00	1	NOUN	Εξωτερικών
1.00	1	X	Ρομπέρ
1.00	2	X	Σουμάν
1.00	1	VERB	υπέβαλε
1.00	2	ADJ	Δυτική
1.00	1	NOUN	βιομηχανιών
1.00	1	NOUN	άνθρακα
1.00	1	NOUN	χάλυβα
1.00	1	NOUN	Διακήρυξη
1.00	1	VERB	περιέγραφε
1.00	1	ADJ	συγκεκριμένο
1.00	1	VERB	οδήγησε
1.00	1	NOUN	σχηματισμό
1.00	1	NOUN	Κοινότητας
1.00	1	NOUN	Άνθρακα
1.00	1	NOUN	Χάλυβα
1.00	2	NOUN	ΕΚΑΧ
1.00	1	PROPN	Λουξεμβούργο
1.00	1	ADV	Κάτω
1.00	1	NOUN	Χώρες
1.00	1	VERB	οριστικοποιήθηκε
1.00	5	NOUN	Συνθήκη
1.00	1	PROPN	Παρισιού
1.00	3	VERB	υπογράφηκε
1.00	1	NOUN	1951
1.00	1	NOUN	δημιουργίας
1.00	3	ADV	τώρα
1.00	1	ADJ	πρόσθετες
1.00	1	NOUN	κοινότητες
1.00	1	VERB	δημιουργήθηκαν
1.00	1	PROPN	Ρώμης
1.00	1	NOUN	1957
1.00	1	ADJ	Οικονομική
1.00	4	NOUN	Κοινότητα
1.00	2	NOUN	ΕΟΚ
1.00	1	VERB	καθιέρωσε
1.00	1	ADJ	τελωνειακή
1.00	1	NOUN	ένωση
1.00	1	ADJ	Ατομικής
1.00	1	NOUN	Ενέργειας
1.00	2	NOUN	ΕΥΡΑΤΟΜ
1.00	1	ADJ	πυρηνικής
1.00	1	NOUN	ενέργειας
1.00	1	VERB	συγχωνεύθηκαν
1.00	1	VERB	αποκτώντας
1.00	1	NOUN	ιδιότητα
1.00	1	VERB	συνδυασμένο
1.00	1	NOUN	συνθηκών
1.00	1	NOUN	θεσμών
1.00	2	ADJ	ενιαία
1.00	1	VERB	δημιουργήθηκε
1.00	1	NOUN	Συγχώνευσης
1.00	1	NOUN	1967
1.00	1	NOUN	1973
1.00	1	VERB	διευρύνθηκε
1.00	1	VERB	συμπεριλάβει
1.00	1	PROPN	Ιρλανδία
1.00	1	NOUN	1979
1.00	1	ADJ	άμεσες
1.00	5	ADJ	Ευρωπαϊκό
1.00	1	VERB	εισέρχονται
1.00	1	PROPN	Ισπανία
1.00	1	PROPN	Πορτογαλία
1.00	1	NOUN	1985
1.00	1	VERB	αναπτύχθηκε
1.00	2	ADJ	ευρωπαϊκών
1.00	1	X	Σένγκεν
1.00	1	NOUN	κατάργηση
1.00	1	ADJ	συστηματικών
1.00	1	ADJ	συνοριακών
1.00	1	NOUN	ελέγχων
1.00	1	ADJ	συμμετεχουσών
1.00	1	NOUN	1986
1.00	2	VERB	υιοθετήθηκε
1.00	1	NOUN	σημαία
1.00	3	NOUN	πράξη
1.00	1	NOUN	επανένωση
1.00	2	ADJ	Ανατολική
1.00	1	VERB	εισήλθε
1.00	2	NOUN	ΕΕ
1.00	1	VERB	διευρυμένης
1.00	2	SCONJ	Καθώς
1.00	3	ADV	πλέον
1.00	1	NOUN	διεύρυνση
1.00	1	ADJ	ημερήσια
1.00	1	NOUN	διάταξη
1.00	1	VERB	αποφασίστηκαν
1.00	4	NOUN	κοινού
1.00	1	NOUN	κριτήρια
1.00	1	PROPN	Κοπεγχάγης
1.00	1	NOUN	είσοδο
1.00	2	NOUN	ΕΕ.
1.00	1	VERB	καθιερώθηκε
1.00	1	ADV	επίσημα
1.00	1	X	Μάαστριχτ
1.00	1	NOUN	1η_Νοεμβρίου_1993
1.00	1	NOUN	1995
1.00	1	PROPN	Σουηδία
1.00	1	PROPN	Φινλανδία
1.00	1	VERB	εισήλθαν
1.00	3	ADV	πρόσφατα
1.00	1	VERB	καθιερωμένη
1.00	1	X	Άμστερνταμ
1.00	1	NOUN	1997
1.00	1	NOUN	1999
1.00	1	VERB	αντικατέστησε
1.00	3	ADJ	εθνικά
1.00	1	NOUN	νομίσματα
1.00	1	NUM	11
1.00	1	ADJ	λεγόμενη
1.00	1	NOUN	ευρωζώνη
1.00	1	NOUN	2001
1.00	1	VERB	προσχώρησε
1.00	2	NOUN	2004
1.00	1	ADJ	νέες
1.00	1	NUM	οκτώ
1.00	1	NOUN	παρελθόν
1.00	1	ADJ	κομμουνιστικές
1.00	2	VERB	προσχώρησαν
1.00	1	PROPN	Ρώμη
1.00	1	VERB	επικυρώθηκε
1.00	2	ADV	πλήρως
1.00	1	ADV	ύστερα
1.00	1	NOUN	απόρριψη
1.00	1	PROPN	Γάλλων
1.00	1	PROPN	Ολλανδών
1.00	1	NOUN	ψηφοφόρων
1.00	1	NOUN	δημοψηφίσματα
1.00	1	VERB	συμφωνήθηκε
1.00	1	VERB	τροποποιηθούν
1.00	1	PRON	κάποια
1.00	1	ADJ	Μεταρρυθμιστική
1.00	1	VERB	αντικαταστήσει
1.00	1	ADJ	υπάρχουσες
1.00	2	ADV	Επιπλέον
1.00	1	PROPN	Ρουμανία
1.00	1	PROPN	Βουλγαρία
1.00	1	PROPN	Σλοβενία
1.00	1	NOUN	2008
1.00	1	VERB	υιοθέτησαν
1.00	1	PROPN	Κύπρος
1.00	1	PROPN	Μάλτα
1.00	2	NUM	23
1.00	2	NUM	24
1.00	2	ADJ	προεδρικές
1.00	1	PROPN	Αίγυπτο
1.00	1	NOUN	2012-03-01
1.00	1	PROPN	Αίγυπτος
1.00	2	X	Χόσνι
1.00	2	X	Μουμπάρακ
1.00	1	VERB	πραγματοποιηθούν
1.00	1	ADJ	Επικεφαλής
1.00	1	NOUN	Εκλογών
1.00	2	PROPN	Αιγύπτου
1.00	1	X	Φαρούκ
1.00	1	X	Σουλτάν
1.00	1	PRON	κανένας
1.00	1	ADJ	υποψηφίους
1.00	1	VERB	καταφέρει
1.00	1	VERB	συγκεντρώσει
1.00	1	NUM	50%
1.00	1	NOUN	ψήφου
1.00	2	ADJ	προεδρικών
1.00	1	NOUN	εκλογών
1.00	1	VERB	πραγματοποιηθεί
1.00	3	NOUN	Ιουνίου
1.00	1	VERB	ανακοινωθούν
1.00	1	NOUN	διοίκηση
1.00	1	VERB	υποσχεθεί
1.00	1	VERB	παραδώσει
1.00	1	ADJ	εκλεγμένη
1.00	1	ADJ	προεκλογική
1.00	2	NOUN	εκστρατεία
1.00	1	NOUN	υποψηφίων
1.00	1	NUM	30
1.00	1	NOUN	Απριλίου
1.00	1	ADJ	προπαρασκευαστικής
1.00	1	NOUN	συζήτησης
1.00	2	NOUN	εκλογή
1.00	1	NOUN	Κοινοβουλίου
1.00	7	PRON	μου
1.00	1	VERB	διατυπώσω
1.00	2	NOUN	προσδοκίες
1.00	1	VERB	είχα
1.00	1	ADJ	ομόφωνη
1.00	1	NOUN	διαπίστωση
1.00	1	VERB	αυξάνεται
1.00	1	ADV	συνεχώς
1.00	1	NOUN	αποξένωση
1.00	2	ADJ	ευρωπαϊκά
1.00	1	ADJ	θεσμικά
1.00	1	NOUN	όργανα
1.00	1	VERB	δήλωσα
1.00	1	ADJ	πρωταρχική
1.00	1	NOUN	προτεραιότητα
1.00	1	ADJ	νέου
1.00	1	NOUN	εμπιστοσύνης
1.00	1	PROPN	ευρωπαίων
1.00	1	NOUN	χαρά
1.00	1	VERB	διαπιστώνω
1.00	1	ADJ	ολόκληρου
1.00	1	NOUN	προγράμματός
1.00	9	PRON	σας
1.00	1	VERB	Οφείλουμε
1.00	2	VERB	είπατε
1.00	1	VERB	κερδίσουμε
1.00	1	VERB	Συμφωνούμε
1.00	1	ADV	απολύτως
1.00	1	VERB	κάνουμε
1.00	1	VERB	επιτύχουμε
1.00	1	ADV	Προσωπικά
1.00	2	VERB	διατύπωσα
1.00	1	NOUN	ιδέες
1.00	1	VERB	νομίζω
1.00	1	VERB	συμφωνούν
1.00	1	NOUN	μέρει
1.00	1	NOUN	σχέδιά
1.00	1	ADV	Όσο
1.00	1	VERB	τολμώ
1.00	1	NOUN	έπαρση
1.00	1	VERB	μπορούσε
1.00	1	VERB	καλύψει
1.00	1	ADJ	ενδεχόμενα
1.00	1	NOUN	κενά
1.00	1	VERB	Πρότεινα
1.00	1	VERB	ξεκινήσει
1.00	2	NOUN	Πρόεδρός
1.00	1	ADV	παράλληλα
1.00	1	NOUN	Συνέλευσης
1.00	1	NOUN	κοινοβούλια
1.00	3	NOUN	θέμα
1.00	2	VERB	μιλήσουμε
1.00	3	ADV	ενδεχομένως
1.00	1	ADJ	πρωτότυπη
1.00	1	NOUN	εμπειρία
1.00	2	NOUN	Σώμα
1.00	2	VERB	επιτρέψουμε
1.00	1	NOUN	διατύπωση
1.00	1	ADJ	δυνατής
1.00	1	NOUN	ιδέας
1.00	1	PRON	εσείς
1.00	1	VERB	ακούσουμε
1.00	5	NOUN	πολίτες
1.00	1	VERB	προσπαθήσουμε
1.00	1	VERB	συνδέσουμε
1.00	3	NOUN	Συνέλευση
1.00	1	ADJ	ευρύτατες
1.00	1	NOUN	συζητήσεις
1.00	1	PRON	καθένας
1.00	2	VERB	αναλάβει
1.00	1	NOUN	ευθύνες
1.00	1	NOUN	Επιθυμία
1.00	1	VERB	ταρακουνήσει
1.00	1	ADJ	Διακυβερνητική
1.00	1	NOUN	Διάσκεψη·
1.00	1	PART	ας
1.00	1	ADV	λοιπόν
1.00	1	VERB	ταρακουνήσουν
1.00	1	PUNCT	!
1.00	1	ADV	εξής
1.00	1	NOUN	Σώματος
1.00	1	VERB	οργανώσει
1.00	4	NOUN	συναντήσεις
1.00	1	ADJ	ευρωπαϊκές
1.00	1	VERB	συζητηθούν
1.00	1	ADJ	παραπλήσια
1.00	1	VERB	στηρίξουμε
1.00	1	VERB	Ανέφερα
1.00	2	ADV	μάλιστα
1.00	1	NUM	τρία
1.00	1	NOUN	παραδείγματα
1.00	1	NUM	Πρώτο
1.00	3	VERB	οργανώσουμε
1.00	1	VERB	αφορούν
1.00	1	NOUN	υποτροφίες
1.00	1	NOUN	τύπου
1.00	1	X	Erasmus
1.00	1	ADJ	αμοιβαία
1.00	1	NOUN	αναγνώριση
1.00	1	NOUN	διπλωμάτων
0.50	1	ADJ	γενικά
0.50	1	ADV	γενικά
1.00	1	ADJ	πολιτισμικά
1.00	1	VERB	εξετάσθηκαν
1.00	1	X	Porto
1.00	1	X	Alegre
1.00	1	ADJ	γοητευτικό
1.00	1	NOUN	τίτλο
1.00	1	ADJ	εφικτός
1.00	1	PRON	άλλος
1.00	1	NOUN	κόσμος
1.00	1	PRON	Αλλο
1.00	1	NOUN	γυναικών
1.00	1	NOUN	εφαρμογή
1.00	2	NOUN	διατάξεων
1.00	2	NOUN	Συνθηκών
1.00	1	VERB	αναφέρονται
1.00	1	NOUN	ισότητα
1.00	1	NOUN	φύλων
1.00	1	ADJ	Τελευταίο
1.00	1	VERB	προσεγγίζει
1.00	2	NOUN	πρότασή
1.00	2	NOUN	κύριε
1.00	1	NOUN	κοινωνίας
1.00	3	ADJ	υποψήφιες
1.00	1	VERB	εξετάσουμε
0.50	1	ADV	αρνητικά
0.50	1	ADJ	αρνητικά
1.00	2	ADJ	θετικά
1.00	1	ADV	πραγματικά
1.00	1	ADJ	ιστορικού
1.00	1	VERB	μεγιστοποιήσουμε
1.00	1	NOUN	πιθανότητες
1.00	1	ADJ	επιτυχούς
1.00	1	NOUN	υλοποίησής
1.00	1	ADP	περί
1.00	1	NOUN	παρατηρητών
1.00	1	VERB	κινείται
1.00	5	PUNCT	·
1.00	1	PRON	τούτο
1.00	1	VERB	υποστηρίζουμε
1.00	1	NOUN	μήνες
1.00	1	ADJ	μόνη
1.00	1	VERB	φοβούμαι
1.00	1	PRON	κανένα
1.00	1	ADJ	κοινό
1.00	1	VERB	αναφέρατε
1.00	1	NOUN	ομιλία
1.00	1	VERB	ασκήσουμε
1.00	1	NOUN	πίεση
1.00	2	NOUN	σύσταση
1.00	1	ADJ	ορισμένων
1.00	1	ADJ	συμβολικών
1.00	1	ADJ	νομοθετικών
1.00	1	NOUN	κειμένων
1.00	1	NOUN	σαφήνεια
1.00	1	VERB	επιθυμούμε
1.00	1	VERB	ακολουθήσει
1.00	1	VERB	διανύουμε
1.00	1	ADJ	μαζικών
1.00	1	NOUN	αναδιαρθρώσεων
1.00	1	NOUN	επιχειρήσεων
1.00	1	VERB	αναφέρομαι
1.00	1	NOUN	οδηγίες
1.00	9	NOUN	οδηγία
1.00	2	NOUN	ενημέρωση
1.00	1	NOUN	διαβούλευση
1.00	2	NOUN	εργαζομένων
1.00	1	NOUN	συμβούλια
1.00	1	NOUN	υπηρεσίες
1.00	1	ADJ	γενικού
1.00	2	NOUN	συμφέροντος
1.00	1	NOUN	αναμονή
1.00	1	ADJ	ενδεχόμενης
1.00	1	ADJ	επιθυμητής
1.00	1	NOUN	αναθεώρησης
1.00	1	ADJ	ουσιαστικής
1.00	1	PRON	Αυτές
1.00	1	NOUN	θητεία
1.00	1	VERB	υποστηρίζει
1.00	1	NOUN	Ομάδα
1.00	1	NOUN	προτάσεις
1.00	1	VERB	διατυπώνει
1.00	2	NOUN	υλοποίηση
1.00	2	ADV	επιμέρους
1.00	2	NOUN	στόχων
1.00	1	NOUN	πνεύμα
1.00	2	VERB	έχουμε
1.00	1	ADJ	καλή
1.00	1	NOUN	διάθεση
1.00	1	VERB	συνεισφέρουμε
1.00	1	PRON	εσάς
1.00	1	ADJ	ουσιαστικό
1.00	2	NOUN	αναφοράς
1.00	1	PROPN	Ευρωπαίους
1.00	1	PROPN	Ευρωπαίες
1.00	3	PROPN	Ινδία
1.00	2	VERB	μποϊκοτάρει
1.00	2	NOUN	φόρο
1.00	2	NOUN	καυσαερίων
1.00	1	NOUN	2012-03-24
1.00	1	VERB	δηλώνει
1.00	1	ADJ	έτοιμη
1.00	1	ADJ	πράσινο
1.00	1	VERB	έκαναν
1.00	2	NOUN	νόμος
1.00	1	VERB	τέθηκε
1.00	1	ADV	θεωρητικά
1.00	1	NOUN	Ιανουαρίου
1.00	1	NUM	2012
1.00	1	VERB	ισχύσει
1.00	3	NUM	2013
1.00	1	NOUN	αξιωματούχους
1.00	1	VERB	λέει
1.00	1	NOUN	ποσοστά
1.00	1	NOUN	εκπομπής
1.00	1	NOUN	Στόχος
1.00	2	NOUN	νόμου
0.50	2	NUM	2020
0.50	2	NOUN	2020
1.00	1	ADJ	καθαρό
1.00	4	NOUN	περιβάλλον
1.00	1	NOUN	χώρες-μέλη
1.00	1	PRON	αρκετές
1.00	1	PROPN	Ρωσία
1.00	1	VERB	τάσσονται
1.00	2	PRON	μερικές
1.00	1	VERB	απείλησαν
1.00	1	VERB	προσφύγουν
1.00	1	ADJ	Παγκόσμιο
1.00	1	NOUN	Οργανισμό
1.00	1	NOUN	Εμπορίου
1.00	1	NOUN	απόφασης
1.00	1	VERB	ευχαριστώ
1.00	1	NOUN	Επίτροπο
1.00	1	X	Wallstrφm
1.00	1	X	Chris
1.00	1	X	Davies
1.00	1	VERB	επιτέλεσαν
1.00	1	VERB	Βρισκόμαστε
1.00	1	ADV	πράγματι
1.00	1	NOUN	όζον
1.00	1	ADV	Ψηλά
1.00	1	NOUN	ατμόσφαιρα
1.00	1	NOUN	στρώμα
1.00	5	NOUN	όζοντος
1.00	2	ADV	υπερβολικά
1.00	1	VERB	προκαλεί
1.00	2	NOUN	προβλήματα
1.00	2	NOUN	υγείας
1.00	1	NOUN	επιφάνεια
1.00	1	NOUN	συγκεντρώσεις
1.00	1	ADV	αντιθέτως
1.00	1	ADJ	υψηλές
1.00	2	VERB	θεωρώ
1.00	1	NOUN	συνδιαλλαγής
1.00	1	VERB	πετύχαμε
1.00	4	ADJ	καλό
1.00	1	ADJ	πάση
1.00	1	NOUN	περιπτώσει
1.00	1	ADJ	καλύτερο
1.00	2	ADJ	πολλοί
1.00	1	PRON	εμάς
1.00	1	VERB	τολμούσαμε
1.00	2	VERB	ελπίζουμε
1.00	1	VERB	ακούγαμε
1.00	1	ADJ	αρνητικές
1.00	1	NOUN	θέσεις
1.00	1	NOUN	επίλυση
1.00	1	NOUN	ποιότητας
1.00	3	NOUN	ατμόσφαιρας
1.00	1	VERB	αναφερόμαστε
1.00	1	ADJ	ανώτατα
1.00	1	NOUN	εκπομπών
1.00	1	NOUN	εισηγήτρια
1.00	1	X	Riita
1.00	1	X	Myller
1.00	1	VERB	κάθεται
1.00	1	ADV	δίπλα
1.00	3	ADJ	παρούσα
1.00	1	VERB	συμβάλλει
1.00	2	NOUN	βαθμό
1.00	1	NOUN	εξασφάλιση
1.00	1	ADJ	χαμηλότερης
1.00	2	NOUN	συγκέντρωσης
1.00	1	NOUN	ηπείρου
1.00	1	VERB	χρησιμοποιήσαμε
1.00	1	NOUN	εκτιμήσεις
1.00	4	NOUN	ΠΟΥ
1.00	1	ADJ	υπάρχοντες
1.00	1	NOUN	κινδύνους
1.00	1	ADJ	δημόσια
1.00	1	VERB	Καθορίσαμε
1.00	1	ADJ	ορισμένους
1.00	2	NOUN	τιμές
0.25	1	NOUN	2010
0.75	3	NUM	2010
1.00	1	VERB	σεβαστούμε
1.00	1	ADV	Φυσικά
1.00	1	VERB	βάλει
1.00	1	NOUN	σκέψεις
1.00	1	VERB	αναγκαζόμαστε
1.00	1	VERB	παραδεχτούμε
1.00	1	VERB	λειτουργούμε
1.00	1	VERB	παραβιάζοντας
1.00	1	VERB	θέτει
1.00	1	PRON	τούτου
1.00	1	VERB	βρίσκω
1.00	1	ADJ	θετικό
1.00	1	VERB	ψηφίσαμε
1.00	1	ADJ	μακρόπνοοι
1.00	1	VERB	γίνονται
1.00	1	ADJ	σεβαστές
1.00	1	VERB	κατέστη
1.00	1	ADJ	εφικτό
1.00	1	ADJ	επακριβείς
1.00	1	VERB	επιθυμούσαμε
1.00	1	VERB	καθορίστηκε
1.00	1	AUX	Ήμασταν
1.00	1	PRON	αυτοί
1.00	1	VERB	προτιμούσαν
1.00	1	ADJ	σταθερός
1.00	1	ADJ	τελικός
1.00	1	NOUN	εκπλήρωση
1.00	1	NOUN	συστάσεων
1.00	1	VERB	υποχρεωθούν
1.00	2	ADV	απλώς
1.00	1	VERB	επεξεργαστούν
1.00	2	NOUN	προγράμματα
1.00	2	NOUN	επίτευξη
1.00	1	VERB	αναλάβουν
1.00	1	NOUN	υποχρέωση
1.00	1	VERB	ενημερώνουν
1.00	1	VERB	υλοποιούνται
1.00	1	ADV	άλλωστε
1.00	2	NOUN	κανόνες
1.00	1	ADV	πότε
1.00	1	VERB	προειδοποιούνται
1.00	1	ADJ	υπερβολική
1.00	1	ADJ	προβληματική
1.00	1	VERB	γίνεται
1.00	1	VERB	ανήκουν
1.00	1	ADJ	ευαίσθητες
1.00	1	VERB	προκαλούνται
1.00	1	NOUN	αίτια
1.00	1	ADV	Τέλος
1.00	1	VERB	λάβουν
1.00	1	NOUN	στάδια
1.00	1	VERB	Μπορούμε
1.00	1	VERB	προσδοκούμε
1.00	1	NOUN	ένταξη
1.00	1	NUM	πρώτων
1.00	1	ADJ	υποψήφιων
1.00	1	ADV	ούτως
1.00	1	PRON	εκείνες
1.00	1	NOUN	στιγμή
1.00	1	NOUN	προσχώρησής
1.00	1	VERB	πληρούν
1.00	1	NOUN	υποχρεώσεις
1.00	1	VERB	επιβάλλονται
1.00	1	VERB	Ελπίζω
1.00	1	VERB	προλάβουμε
1.00	2	VERB	μειώσουμε
1.00	1	ADJ	επιβλαβείς
1.00	2	NOUN	επιπτώσεις
1.00	1	ADJ	υψηλής
1.00	3	NOUN	ανάπτυξη
1.00	1	NOUN	χλωρίδας
1.00	1	ADJ	σημερινή
1.00	1	NOUN	ορόσημο
1.00	1	ADJ	μελλοντική
1.00	4	X	Άρσεναλ
1.00	4	X	Μίλαν
1.00	2	NUM	3:0
1.00	1	NOUN	2012-03-07
1.00	1	ADV	Χθες
1.00	1	ADJ	επαναληπτικού
1.00	2	X	Τσάμπιονς
1.00	1	NUM	πρώτος
1.00	1	NOUN	αγώνας
1.00	1	NUM	4:0
1.00	2	ADP	υπέρ
1.00	1	VERB	σκοράρει
1.00	1	NUM	έβδομο
1.00	1	NOUN	κεφαλιά
1.00	1	X	Κασιλνί
1.00	1	NUM	Είκοσι
1.00	1	X	Ροζίτσκι
1.00	1	X	Φαν
1.00	1	VERB	τριπλασίασε
1.00	1	NOUN	υπεροχή
1.00	1	NOUN	πέναλτι
1.00	1	SCONJ	Αν
1.00	1	NOUN	πρόκριση
1.00	1	ADV	Παράλληλα
1.00	1	X	Μπενφίκα
1.00	1	X	Ζενίτ
1.00	1	PROPN	Πετρούπολης
1.00	1	NUM	2:0
1.00	1	VERB	προκρίθηκε
1.00	1	X	ES
1.00	1	VERB	Ευχαριστώ
1.00	1	VERB	καταρτίσει
1.00	2	NOUN	μεταφορών
1.00	1	ADJ	επίπονο
1.00	1	VERB	επιδόθηκε
1.00	1	X	Lucas
1.00	2	VERB	θέλω
1.00	1	ADJ	Λευκή
1.00	1	NOUN	Βίβλος
1.00	1	NOUN	ορίζοντα
1.00	1	VERB	τοποθετεί
1.00	2	ADV	ακριβώς
1.00	1	NOUN	πολίτη
1.00	1	NOUN	χρήστη
0.50	1	NOUN	πολιτικών
0.50	1	ADJ	πολιτικών
1.00	1	VERB	θέτουμε
1.00	1	ADJ	μισό
1.00	1	ADJ	θανατηφόρων
1.00	1	NOUN	δυστυχημάτων
1.00	1	NOUN	αυτοκινητοδρόμους
1.00	1	ADJ	σημερινά
1.00	1	NUM	40.000
1.00	1	PRON	εκείνο
1.00	1	NOUN	θύματα
1.00	1	ADJ	λιγότερα
1.00	1	NUM	20.000
1.00	1	ADJ	τελευταία
1.00	2	VERB	παρουσιάσει
1.00	1	NOUN	βελτίωση
1.00	1	NOUN	ασφάλειας
1.00	1	VERB	εγκρίθηκε
1.00	1	NOUN	ωράρια
1.00	1	ADJ	οδικές
1.00	3	NOUN	μεταφορές
1.00	1	ADJ	σαφείς
1.00	1	NOUN	συνέπειες
1.00	1	ADJ	διάφορα
1.00	1	VERB	δείτε
1.00	1	ADV	σύντομα
1.00	1	VERB	συντείνουν
1.00	1	ADJ	ίδιου
1.00	1	NOUN	στόχου
1.00	1	NOUN	τροποποίηση
1.00	1	NOUN	κανονισμού
1.00	1	NOUN	οδήγησης
1.00	1	NOUN	ανάπαυσης
1.00	1	NOUN	εισαγωγή
1.00	2	NOUN	περιορισμού
1.00	1	NOUN	ταχύτητας
1.00	1	ADJ	φορτηγά
1.00	1	ADJ	υποχρεωτική
1.00	2	NOUN	χρήση
1.00	1	NOUN	ζώνης
1.00	1	NOUN	οχήματα
1.00	1	NOUN	λεωφορεία
1.00	1	NOUN	καθιέρωση
1.00	1	ADJ	ψηφιακού
1.00	1	NOUN	ταχογράφου
1.00	1	ADJ	κυκλοφοριακή
1.00	1	NOUN	ρύπανση
1.00	1	ADV	Όσον
1.00	1	ADJ	ρυπογόνους
1.00	1	NOUN	εκπομπές
1.00	1	NOUN	οχημάτων
1.00	1	NOUN	θορύβου
1.00	1	AUX	είμαστε
1.00	1	VERB	υποχρεωμένοι
1.00	1	VERB	αναγνωρίσουμε
1.00	1	VERB	συντελεσθεί
1.00	1	ADJ	αξιοσημείωτη
1.00	1	NOUN	πρόοδος
1.00	1	NOUN	διάστημα
1.00	1	PRON	μερικών
1.00	1	ADJ	ευρωπαϊκοί
1.00	1	VERB	επέτρεψαν
1.00	2	PRON	αυτών
1.00	1	NOUN	ρυπάνσεων
1.00	1	VERB	οφείλονται
1.00	1	ADJ	οδική
1.00	1	NOUN	κυκλοφορία·
1.00	1	VERB	βελτιωθεί
1.00	1	VERB	ξεκίνησε
1.00	1	NUM	έκτου
1.00	1	NOUN	προγράμματος
1.00	2	ADJ	φιλόδοξη
1.00	1	NOUN	ρύπανσης
1.00	1	ADJ	αρνητικών
1.00	1	NOUN	συνεπειών
1.00	1	X	CAFE
1.00	1	X	Clean
1.00	1	X	air
1.00	1	X	for
1.00	1	X	Europe
1.00	1	NOUN	αέρα
1.00	1	ADP	Μεταξύ
1.00	1	NOUN	πρωτοβουλιών
1.00	1	ADV	απαραίτητο
1.00	1	VERB	αναληφθούν
1.00	1	VERB	αναφέρω
1.00	1	ADV	ίσως
1.00	1	ADJ	σπουδαιότερες
1.00	1	ADJ	μεγάλης
1.00	1	NOUN	αντικατάσταση
1.00	1	NUM	20%
1.00	1	ADJ	κλασικών
1.00	3	NOUN	καυσίμων
1.00	1	ADJ	καθαρότερα
1.00	1	ADV	εναλλακτικά
1.00	3	NOUN	καύσιμα
1.00	2	CCONJ	είτε
1.00	2	ADJ	βιολογικά
1.00	1	NOUN	υδρογόνο
1.00	1	VERB	θέτοντας
1.00	1	ADJ	ενδιάμεσο
1.00	1	NOUN	σταθμό
1.00	1	ADJ	βιολογικών
1.00	1	ADJ	φιλόδοξο
1.00	1	NUM	5,75%
1.00	1	NOUN	συνόλου
1.00	1	VERB	χρησιμοποιούνται
1.00	1	VERB	προωθούν
1.00	1	ADJ	βιώσιμης
1.00	1	NOUN	κινητικότητας
1.00	1	X	Civitas
1.00	1	VERB	χορηγούνται
1.00	1	ADJ	πρωτοπόρων
1.00	1	NOUN	επιδίωξη
1.00	1	ADJ	μεγαλύτερης
1.00	1	ADJ	δημόσιων
1.00	1	NOUN	συγκοινωνιών
1.00	1	NOUN	πρωτοβουλίες
1.00	1	VERB	αποσκοπούν
1.00	1	NOUN	προώθηση
1.00	1	NOUN	ποδηλασίας
1.00	1	NOUN	μετακινήσεων
1.00	1	NOUN	πόδια
1.00	1	NOUN	εξέταση
1.00	2	NOUN	επιπτώσεων
1.00	1	NOUN	βήματα
1.00	2	NOUN	μεθοδολογιών
1.00	2	NOUN	αξιολόγησης
1.00	1	NOUN	αντικτύπου
1.00	1	ADJ	κοινοτικό
1.00	1	ADJ	Δεδομένης
1.00	1	VERB	προχωρήσουμε
1.00	1	NOUN	τελειοποίηση
1.00	1	NOUN	μεθόδων
1.00	1	ADJ	πειραματικών
1.00	1	NOUN	προγραμμάτων
1.00	1	VERB	διατεθούν
1.00	1	ADJ	χρηματοδοτικά
1.00	1	NOUN	δοκιμή
1.00	1	VERB	τελεί
1.00	1	NOUN	παρόντος
1.00	1	NOUN	εισηγητής
1.00	1	PROPN	Τρακατέλλης
1.00	1	ADV	εγγύς
1.00	1	VERB	προσπάθησα
1.00	1	VERB	σκιαγραφήσω
1.00	1	ADJ	συγκεκριμένων
1.00	1	NOUN	παραδειγμάτων
1.00	1	PRON	ποιον
1.00	1	VERB	λαμβάνουμε
1.00	2	ADV	υπόψη
1.00	1	PRON	καμία
1.00	1	AUX	είμαι
1.00	1	ADJ	εξαντλητική
1.00	1	VERB	αναφέρθηκαν
1.00	1	NOUN	σχέση
1.00	2	ADJ	αεροπορικές
1.00	1	VERB	απευθύνεται
1.00	2	NOUN	εταιρείες
1.00	1	VERB	εργαζόμαστε
1.00	1	ADJ	ίδιες
1.00	1	VERB	εγγυηθούμε
1.00	1	NOUN	χρηστών
1.00	1	ADJ	Όλα
1.00	1	NOUN	ορίων
1.00	1	NOUN	αρμοδιοτήτων
1.00	1	NOUN	πόρων
1.00	1	VERB	λαμβάνοντας
1.00	1	VERB	παραμένει
1.00	1	ADJ	ανοιχτή
1.00	1	VERB	διατυπωθεί
1.00	1	ADJ	κοινοβουλευτικό
1.00	4	PROPN	Γιάννης
1.00	4	PROPN	Στουρνάρας
1.00	3	VERB	επιστρέψουν
0.50	1	NOUN	καταθέσεις
0.50	1	VERB	καταθέσεις
1.00	1	PROPN	Ελλήνων
1.00	1	ADJ	ξένες
1.00	3	NOUN	τράπεζες
1.00	1	PRON	Όσοι
1.00	1	VERB	έβγαλαν
1.00	1	NOUN	χρήματά
1.00	2	ADJ	ελληνικές
1.00	1	VERB	τονίζει
1.00	1	NOUN	συνέντευξή
1.00	1	ADJ	κυριακάτικη
1.00	1	NOUN	εφημερίδα
1.00	2	NOUN	Υπουργός
1.00	2	NOUN	Οικονομικών
1.00	1	VERB	ξεκαθαρίζοντας
1.00	1	VERB	περιμένουν
1.00	1	NOUN	αμνήστευση
1.00	1	NOUN	πράξεών
1.00	1	VERB	ομαλοποιηθεί
1.00	1	PRON	όσοι
1.00	1	VERB	απέσυραν
1.00	1	VERB	σημειώνει
1.00	1	NOUN	όφελος
1.00	1	ADJ	εθνικού
1.00	1	ADJ	ίδιους
1.00	1	VERB	επισημαίνει
1.00	1	NOUN	περιουσιολόγιο
1.00	1	ADJ	όλους
1.00	1	VERB	αποκλείει
1.00	1	ADV	πάντως
1.00	1	NOUN	μορφή
1.00	1	ADJ	φορολογικής
1.00	1	NOUN	αμνηστίας
1.00	1	VERB	εξασφαλιστεί
1.00	1	NOUN	επαναπατρισμός
1.00	1	NOUN	κεφαλαίων
1.00	1	VERB	διοχετεύθηκαν
1.00	1	VERB	υπογραμμίζει
1.00	1	NOUN	παράγοντες
1.00	1	VERB	καθορίσουν
1.00	1	NOUN	αποφασιστικότητα
1.00	1	NOUN	Πρωθυπουργού
1.00	1	NOUN	αρχηγών
1.00	1	NOUN	επίσπευση
1.00	1	ADJ	απαραίτητων
1.00	1	NOUN	αλλαγών
1.00	1	NOUN	οικονομία
1.00	4	PROPN	Απολλωνία
1.00	2	PROPN	Σίφνου
1.00	2	PROPN	Σταυρί
1.00	1	NOUN	χιλιομέτρων
1.00	1	PROPN	Καμάρες
1.00	1	NOUN	1836
1.00	1	VERB	χτισμένη
1.00	1	ADV	αμφιθεατρικά
1.00	1	NOUN	λόφους
1.00	1	ADJ	κεντρικοί
1.00	1	NOUN	οικισμοί
1.00	1	VERB	ουσιαστικοποιημένο
1.00	1	NOUN	επίθετο
1.00	1	VERB	αφιερωμένη
1.00	1	VERB	οφείλεται
1.00	1	ADV	πιθανόν
1.00	2	ADJ	παλιά
1.00	1	ADJ	Τιμίου
1.00	1	NOUN	Σταυρού
1.00	1	ADJ	σταυρόσχημο
1.00	1	NOUN	σχήμα
1.00	1	NOUN	σπιτιών
1.00	2	ADJ	παραδοσιακή
1.00	1	ADJ	κυκλαδίτικη
1.00	1	ADJ	πλακόστρωτα
1.00	1	ADJ	λουλουδιασμένες
1.00	1	NOUN	αυλές
1.00	1	NOUN	εκκλησιές
1.00	1	PROPN	Παναγία
1.00	1	ADJ	Ουρανοφόρα
1.00	1	VERB	επιχρυσωμένο
1.00	2	NOUN	τέμπλο
1.00	1	NOUN	εικόνες
1.00	1	ADJ	Σώζων
1.00	1	ADJ	ξυλόγλυπτο
1.00	1	PROPN	Σταυρός
1.00	1	VERB	πιθανολογείται
1.00	1	NOUN	ναό
1.00	1	ADJ	αξιόλογες
1.00	1	NOUN	εκκλησίες
1.00	2	PROPN	Απολλωνίας
1.00	1	PROPN	Ηρώου
1.00	1	PRON	κάποιος
1.00	1	NOUN	Τέχνης
1.00	1	NOUN	αντικείμενα
1.00	1	NOUN	σχολεία
1.00	1	PROPN	Αρτεμίου
1.00	1	NUM	1,5
1.00	1	NOUN	χιλιομέτρου
1.00	1	NOUN	μοναστήρι
1.00	1	PROPN	Ιωάννου
1.00	1	NOUN	Θεολόγου
1.00	1	ADJ	Μουγκού
1.00	1	VERB	χτισμένο
1.00	1	NUM	15ο
1.00	1	VERB	υπηρέτησε
1.00	1	NOUN	εφημέριος
1.00	1	ADJ	λόγιος
1.00	1	ADJ	ιερομόναχος
1.00	1	ADJ	Παρθένιος
1.00	1	PROPN	Χαιρέτης
1.00	1	NOUN	διδάσκαλος
1.00	1	NOUN	κωδικογράφων
1.00	1	ADJ	όμορφα
1.00	1	NOUN	ταβερνάκια
1.00	1	VERB	απολαύσει
1.00	1	ADJ	παραδοσιακά
1.00	1	ADJ	σιφνέικα
1.00	1	NOUN	φαγητά
